Airline,American Airlines,Delta Air Lines,Southwest Airlines,United Airlines,Alaska Air,JetBlue,SkyWest,Northwest Airlines,TWA,Air Canada,IAG,Air France-KLM,Ryanair,easyJet,Deutsche Lufthansa,Finnair,Singapore Airlines,Qantas Airways,Cathay Pacific,LATAM Airlines,Air China,China Eastern,China Southern,Hainan Airlines,Qatar Airways,Aeroflot,Turkish Airlines
Status,public,public,public,public,public,public,public,merged with Delta 2008,"bankrupt 2001, acquired by AA",public,public,public,public,public,public,public,public,public,public,public,public,public,public,public,private,"taken private 2023, war",public
Country,US,US,US,US,US,US,US,US,US,CA,EU,EU,EU,EU,EU,EU,SG,AU,HK,CL,CN,CN,CN,CN,QA,RU,TR
Region,North America,North America,North America,North America,North America,North America,North America,North America,North America,North America,Europe,Europe,Europe,Europe,Europe,Europe,Asia Pacific,Asia Pacific,Asia Pacific,Latin America,China,China,China,China,Middle East,Russia,Turkey
Ticker,,,,,,,,,,,,,,,,,,,,,,,,,,,
IATA,AA,DL,WN,UA,AS,B6,OO,NW,TW,AC,,AF/KL,FR,U2,LH,AY,SQ,QF,CX,LA,CA,MU,CZ,HU,QR,SU,TK
Revenue TTM,,,,,,,,,,,,,,,,,,,,,,,,,,,
2000'Q1,"18,223 M","16,101 M","4,964 M","18,358 M","2,110 M",,489 M,"10,410 M","2,482 M","4,934 M",,"10,128 M",373 M,,,"1,533 M","5,462 M","5,973 M","3,910 M","1,310 M",,"1,338 M","1,663 M",240 M,,"1,226 M",
2000'Q2,"18,717 M","16,315 M","5,193 M","18,690 M","2,138 M",,503 M,"10,687 M","1,654 M","5,359 M",,"10,370 M",392 M,,,"1,435 M","5,529 M","5,969 M","4,095 M","1,354 M",,"1,348 M","1,720 M",255 M,,"1,287 M",
2000'Q3,"19,210 M","16,528 M","5,421 M","19,021 M","2,166 M",,517 M,"10,963 M",827 M,"5,783 M",,"10,611 M",411 M,,,"1,337 M","5,597 M","5,966 M","4,280 M","1,398 M",,"1,358 M","1,777 M",271 M,,"1,347 M",
2000'Q4,"19,703 M","16,741 M","5,650 M","19,352 M","2,194 M",105 M,531 M,"11,240 M",,"6,208 M",,"10,853 M",430 M,,,"1,239 M","5,664 M","5,963 M","4,464 M","1,442 M",,"1,368 M","1,834 M",286 M,,"1,407 M",
2001'Q1,"19,520 M","16,026 M","5,626 M","18,549 M","2,184 M",159 M,549 M,"10,906 M",,"6,184 M",,"10,873 M",459 M,,,"1,299 M","5,528 M","5,780 M","4,324 M","1,442 M",,"1,393 M","1,885 M",314 M,,"1,445 M",
2001'Q2,"19,336 M","15,310 M","5,602 M","17,745 M","2,173 M",213 M,566 M,"10,573 M",,"6,160 M",,"10,894 M",487 M,,,"1,359 M","5,391 M","5,596 M","4,184 M","1,442 M",,"1,418 M","1,936 M",343 M,,"1,482 M",
2001'Q3,"19,153 M","14,595 M","5,579 M","16,942 M","2,163 M",266 M,584 M,"10,239 M",,"6,137 M",,"10,915 M",516 M,,,"1,419 M","5,255 M","5,413 M","4,044 M","1,443 M",,"1,443 M","1,988 M",371 M,,"1,520 M",
2001'Q4,"18,969 M","13,879 M","5,555 M","16,138 M","2,153 M",320 M,602 M,"9,905 M",,"6,113 M",,"10,936 M",544 M,,,"1,479 M","5,118 M","5,229 M","3,904 M","1,443 M",,"1,468 M","2,039 M",399 M,,"1,558 M",
2002'Q1,"18,582 M","13,876 M","5,547 M","16,059 M","2,171 M",399 M,645 M,"9,923 M",,"6,155 M",,"11,658 M",638 M,,,"1,545 M","5,327 M","5,521 M","3,989 M","1,449 M",,"1,503 M","2,074 M",445 M,,"1,563 M",
2002'Q2,"18,195 M","13,873 M","5,538 M","15,980 M","2,188 M",478 M,688 M,"9,941 M",,"6,198 M",,"12,380 M",731 M,,,"1,611 M","5,537 M","5,812 M","4,073 M","1,455 M",,"1,538 M","2,108 M",491 M,,"1,567 M",
2002'Q3,"17,807 M","13,869 M","5,530 M","15,901 M","2,206 M",556 M,731 M,"9,958 M",,"6,240 M",,"13,102 M",825 M,,,"1,678 M","5,746 M","6,103 M","4,158 M","1,460 M",,"1,573 M","2,143 M",537 M,,"1,572 M",
2002'Q4,"17,420 M","13,866 M","5,522 M","15,822 M","2,224 M",635 M,774 M,"9,976 M",,"6,282 M",,"13,825 M",918 M,,,"1,744 M","5,955 M","6,395 M","4,243 M","1,466 M",,"1,607 M","2,177 M",583 M,,"1,576 M",
2003'Q1,"17,425 M","13,977 M","5,626 M","15,599 M","2,279 M",726 M,803 M,"10,001 M",,"6,330 M",,"14,152 M","1,017 M",,,"1,813 M","5,920 M","6,694 M","4,142 M","1,514 M",,"1,637 M","2,161 M",599 M,,"1,621 M",
2003'Q2,"17,430 M","14,087 M","5,729 M","15,375 M","2,334 M",817 M,831 M,"10,027 M",,"6,378 M",,"14,480 M","1,116 M",,,"1,881 M","5,885 M","6,993 M","4,041 M","1,562 M",,"1,666 M","2,145 M",615 M,,"1,666 M",
2003'Q3,"17,435 M","14,198 M","5,833 M","15,152 M","2,390 M",908 M,860 M,"10,052 M",,"6,427 M",,"14,807 M","1,214 M",,,"1,949 M","5,849 M","7,292 M","3,939 M","1,610 M",,"1,696 M","2,129 M",631 M,,"1,710 M",
2003'Q4,"17,440 M","14,308 M","5,937 M","14,928 M","2,445 M",998 M,888 M,"10,077 M",,"6,475 M",,"15,135 M","1,313 M","1,560 M",,"2,018 M","5,814 M","7,591 M","3,838 M","1,658 M","2,996 M","1,725 M","2,113 M",648 M,,"1,755 M",
2004'Q1,"17,741 M","14,540 M","6,085 M","15,294 M","2,515 M","1,065 M",955 M,"10,378 M",,"6,681 M",,"17,520 M","1,412 M","1,660 M",,"2,093 M","6,181 M","7,649 M","4,135 M","1,779 M","3,273 M","1,941 M","2,311 M",734 M,,"1,859 M",
2004'Q2,"18,043 M","14,772 M","6,234 M","15,660 M","2,584 M","1,131 M","1,022 M","10,678 M",,"6,887 M",,"19,905 M","1,512 M","1,761 M",,"2,167 M","6,548 M","7,706 M","4,432 M","1,900 M","3,550 M","2,157 M","2,508 M",821 M,,"1,964 M",
2004'Q3,"18,344 M","15,003 M","6,382 M","16,025 M","2,654 M","1,198 M","1,089 M","10,979 M",,"7,092 M",,"22,290 M","1,611 M","1,862 M",,"2,242 M","6,915 M","7,764 M","4,729 M","2,021 M","3,827 M","2,373 M","2,705 M",908 M,,"2,068 M",
2004'Q4,"18,645 M","15,235 M","6,530 M","16,391 M","2,724 M","1,265 M","1,156 M","11,279 M",,"7,298 M",,"24,676 M","1,710 M","1,962 M",,"2,317 M","7,281 M","7,822 M","5,026 M","2,142 M","4,105 M","2,589 M","2,902 M",994 M,,"2,173 M",
2005'Q1,"19,162 M","15,546 M","6,794 M","16,638 M","2,787 M","1,374 M","1,358 M","11,531 M",,"7,504 M",,"25,161 M","1,795 M","2,064 M",,"2,298 M","7,522 M","8,265 M","5,411 M","2,247 M","4,269 M","2,799 M","3,365 M","1,053 M",,"2,280 M",
2005'Q2,"19,679 M","15,858 M","7,057 M","16,885 M","2,850 M","1,483 M","1,560 M","11,783 M",,"7,710 M",,"25,646 M","1,879 M","2,166 M",,"2,279 M","7,763 M","8,708 M","5,796 M","2,352 M","4,434 M","3,010 M","3,828 M","1,112 M",,"2,387 M",
2005'Q3,"20,195 M","16,169 M","7,321 M","17,132 M","2,912 M","1,592 M","1,762 M","12,034 M",,"7,916 M",,"26,131 M","1,964 M","2,268 M",,"2,260 M","8,004 M","9,152 M","6,182 M","2,458 M","4,598 M","3,221 M","4,291 M","1,171 M",,"2,495 M",
2005'Q4,"20,712 M","16,480 M","7,584 M","17,379 M","2,975 M","1,701 M","1,964 M","12,286 M",,"8,122 M",,"26,617 M","2,049 M","2,369 M",,"2,241 M","8,245 M","9,595 M","6,567 M","2,563 M","4,763 M","3,431 M","4,754 M","1,231 M",,"2,602 M",
2006'Q1,"21,175 M","16,743 M","7,960 M","17,869 M","3,065 M","1,867 M","2,252 M","12,357 M",,"8,251 M",,"27,662 M","2,281 M","2,534 M",,"2,341 M","8,572 M","9,733 M","6,890 M","2,695 M","5,065 M","3,786 M","5,050 M","1,319 M",,"2,703 M",
2006'Q2,"21,638 M","17,006 M","8,335 M","18,360 M","3,155 M","2,033 M","2,539 M","12,427 M",,"8,381 M",,"28,708 M","2,514 M","2,698 M",,"2,441 M","8,899 M","9,871 M","7,212 M","2,827 M","5,367 M","4,141 M","5,346 M","1,408 M",,"2,805 M",
2006'Q3,"22,100 M","17,269 M","8,711 M","18,850 M","3,245 M","2,198 M","2,827 M","12,498 M",,"8,510 M",,"29,754 M","2,746 M","2,863 M",,"2,541 M","9,226 M","10,008 M","7,535 M","2,959 M","5,669 M","4,496 M","5,642 M","1,496 M",,"2,907 M",
2006'Q4,"22,563 M","17,532 M","9,086 M","19,340 M","3,334 M","2,364 M","3,115 M","12,568 M",,"8,639 M",,"30,799 M","2,979 M","3,027 M",,"2,641 M","9,553 M","10,146 M","7,858 M","3,091 M","5,971 M","4,850 M","5,938 M","1,585 M",,"3,008 M",
2007'Q1,"22,656 M","17,938 M","9,280 M","19,541 M","3,377 M","2,484 M","3,180 M","12,558 M",,"9,168 M",,"32,800 M","3,307 M","3,183 M",,"2,799 M","10,059 M","10,780 M","8,324 M","3,207 M","6,229 M","5,113 M","6,333 M","1,638 M",,"3,212 M",
2007'Q2,"22,749 M","18,343 M","9,474 M","19,742 M","3,420 M","2,604 M","3,244 M","12,548 M",,"9,696 M",,"34,801 M","3,635 M","3,339 M",,"2,956 M","10,564 M","11,413 M","8,790 M","3,324 M","6,487 M","5,376 M","6,727 M","1,691 M",,"3,415 M",
2007'Q3,"22,842 M","18,749 M","9,667 M","19,942 M","3,463 M","2,723 M","3,309 M","12,538 M",,"10,225 M",,"36,802 M","3,963 M","3,495 M",,"3,114 M","11,070 M","12,046 M","9,256 M","3,440 M","6,745 M","5,638 M","7,122 M","1,744 M",,"3,618 M",
2007'Q4,"22,935 M","19,154 M","9,861 M","20,143 M","3,506 M","2,843 M","3,374 M","12,528 M",,"10,753 M",,"38,803 M","4,291 M","3,651 M",,"3,272 M","11,575 M","12,679 M","9,722 M","3,557 M","7,003 M","5,901 M","7,517 M","1,797 M",,"3,821 M",
2008'Q1,"23,143 M","20,040 M","10,152 M","20,156 M","3,545 M","2,980 M","3,405 M","12,789 M",,"10,346 M",,"37,141 M","4,197 M","3,801 M",,"3,248 M","11,313 M","13,406 M","10,084 M","3,738 M","7,204 M","5,943 M","7,700 M","1,830 M",,"4,024 M",
2008'Q2,"23,351 M","20,926 M","10,442 M","20,169 M","3,584 M","3,118 M","3,435 M","13,050 M",,"9,939 M",,"35,479 M","4,103 M","3,952 M",,"3,225 M","11,052 M","14,133 M","10,446 M","3,920 M","7,405 M","5,985 M","7,882 M","1,862 M",,"4,228 M",
2008'Q3,"23,558 M","21,811 M","10,733 M","20,181 M","3,623 M","3,255 M","3,466 M","13,311 M",,"9,532 M",,"33,817 M","4,009 M","4,102 M",,"3,202 M","10,790 M","14,860 M","10,807 M","4,101 M","7,606 M","6,027 M","8,064 M","1,894 M",,"4,431 M",
2008'Q4,"23,766 M","22,697 M","11,023 M","20,194 M","3,663 M","3,392 M","3,496 M","13,572 M",,"9,125 M",,"32,155 M","3,915 M","4,253 M",,"3,178 M","10,528 M","15,586 M","11,169 M","4,283 M","7,807 M","6,069 M","8,246 M","1,927 M",,"4,635 M",
2009'Q1,"22,804 M","24,039 M","10,855 M","19,229 M","3,597 M","3,367 M","3,276 M","10,179 M",,"9,192 M",,"32,963 M","3,943 M","4,264 M",,"3,051 M","10,161 M","14,642 M","10,570 M","4,131 M","7,836 M","6,164 M","8,265 M","1,996 M",,"4,315 M",
2009'Q2,"21,842 M","25,380 M","10,687 M","18,265 M","3,531 M","3,342 M","3,055 M","6,786 M",,"9,260 M",,"33,771 M","3,971 M","4,275 M",,"2,923 M","9,793 M","13,697 M","9,972 M","3,978 M","7,866 M","6,260 M","8,283 M","2,066 M",,"3,995 M",
2009'Q3,"20,879 M","26,722 M","10,518 M","17,300 M","3,466 M","3,317 M","2,834 M","3,393 M",,"9,328 M",,"34,579 M","4,000 M","4,286 M",,"2,796 M","9,426 M","12,752 M","9,374 M","3,826 M","7,896 M","6,356 M","8,301 M","2,135 M",,"3,675 M",
2009'Q4,"19,917 M","28,063 M","10,350 M","16,335 M","3,400 M","3,292 M","2,614 M",,,"9,396 M",,"35,387 M","4,028 M","4,297 M",,"2,669 M","9,059 M","11,807 M","8,775 M","3,674 M","7,925 M","6,452 M","8,319 M","2,204 M",,"3,355 M",
2010'Q1,"20,480 M","28,986 M","10,789 M","18,083 M","3,508 M","3,414 M","2,651 M",,,"9,741 M",,"32,722 M","4,310 M","4,406 M",,"2,683 M","9,672 M","11,790 M","9,555 M","3,887 M","9,126 M","7,681 M","9,186 M","2,449 M",,"3,614 M",
2010'Q2,"21,044 M","29,909 M","11,227 M","19,830 M","3,616 M","3,536 M","2,689 M",,,"10,086 M",,"30,057 M","4,592 M","4,514 M",,"2,696 M","10,285 M","11,773 M","10,335 M","4,101 M","10,326 M","8,910 M","10,054 M","2,694 M",,"3,872 M",
2010'Q3,"21,607 M","30,832 M","11,666 M","21,578 M","3,724 M","3,657 M","2,727 M",,,"10,430 M",,"27,392 M","4,874 M","4,623 M",,"2,710 M","10,899 M","11,755 M","11,115 M","4,315 M","11,526 M","10,139 M","10,921 M","2,938 M",,"4,130 M",
2010'Q4,"22,170 M","31,755 M","12,104 M","23,325 M","3,832 M","3,779 M","2,765 M",,,"10,775 M","19,783 M","24,728 M","5,156 M","4,731 M",,"2,724 M","11,512 M","11,738 M","11,895 M","4,529 M","12,726 M","11,369 M","11,788 M","3,183 M",,"4,389 M",
2011'Q1,"22,622 M","32,595 M","12,993 M","26,771 M","3,954 M","3,960 M","2,988 M",,,"10,925 M","20,046 M","27,077 M","5,333 M","4,894 M",,"2,778 M","11,589 M","12,802 M","12,090 M","4,826 M","13,442 M","11,842 M","12,463 M","3,398 M",,"4,672 M",
2011'Q2,"23,075 M","33,435 M","13,881 M","30,218 M","4,075 M","4,142 M","3,210 M",,,"11,074 M","20,310 M","29,426 M","5,510 M","5,057 M",,"2,832 M","11,665 M","13,866 M","12,284 M","5,124 M","14,159 M","12,315 M","13,137 M","3,612 M",,"4,955 M",
2011'Q3,"23,527 M","34,275 M","14,770 M","33,664 M","4,196 M","4,323 M","3,432 M",,,"11,224 M","20,573 M","31,775 M","5,687 M","5,220 M",,"2,885 M","11,742 M","14,930 M","12,478 M","5,421 M","14,875 M","12,787 M","13,811 M","3,827 M",,"5,239 M",
2011'Q4,"23,979 M","35,115 M","15,658 M","37,110 M","4,318 M","4,504 M","3,655 M",,,"11,373 M","20,836 M","34,124 M","5,864 M","5,383 M",,"2,939 M","11,818 M","15,995 M","12,672 M","5,718 M","15,592 M","13,260 M","14,486 M","4,042 M",,"5,522 M",
2012'Q1,"24,198 M","35,504 M","16,016 M","37,121 M","4,403 M","4,624 M","3,625 M",,,"11,573 M","21,603 M","34,474 M","5,961 M","5,598 M",,"3,019 M","11,899 M","16,002 M","12,710 M","6,774 M","15,700 M","13,353 M","14,880 M","4,144 M",,"6,179 M",
2012'Q2,"24,417 M","35,893 M","16,373 M","37,131 M","4,487 M","4,743 M","3,595 M",,,"11,773 M","22,370 M","34,825 M","6,059 M","5,812 M",,"3,099 M","11,979 M","16,009 M","12,747 M","7,830 M","15,807 M","13,446 M","15,275 M","4,246 M",,"6,836 M",
2012'Q3,"24,636 M","36,281 M","16,731 M","37,142 M","4,572 M","4,863 M","3,565 M",,,"11,973 M","23,137 M","35,176 M","6,156 M","6,026 M",,"3,179 M","12,060 M","16,017 M","12,784 M","8,886 M","15,915 M","13,539 M","15,669 M","4,349 M",,"7,492 M",
2012'Q4,"24,855 M","36,670 M","17,088 M","37,152 M","4,657 M","4,982 M","3,534 M",,,"12,172 M","23,904 M","35,527 M","6,254 M","6,240 M",,"3,259 M","12,141 M","16,024 M","12,822 M","9,942 M","16,023 M","13,632 M","16,064 M","4,451 M",,"8,149 M",
2013'Q1,"25,327 M","36,946 M","17,241 M","37,434 M","4,782 M","5,097 M","3,475 M",,,"12,039 M","24,330 M","34,473 M","6,427 M","6,399 M",,"3,278 M","12,129 M","15,703 M","12,856 M","10,773 M","16,039 M","13,821 M","16,140 M","4,677 M",,"8,337 M",
2013'Q2,"25,799 M","37,222 M","17,394 M","37,716 M","4,907 M","5,212 M","3,416 M",,,"11,905 M","24,756 M","33,419 M","6,599 M","6,559 M",,"3,298 M","12,117 M","15,382 M","12,891 M","11,604 M","16,056 M","14,010 M","16,217 M","4,903 M",,"8,525 M",
2013'Q3,"26,271 M","37,497 M","17,546 M","37,997 M","5,031 M","5,326 M","3,357 M",,,"11,771 M","25,182 M","32,365 M","6,772 M","6,718 M",,"3,317 M","12,105 M","15,061 M","12,925 M","12,435 M","16,072 M","14,199 M","16,293 M","5,129 M",,"8,713 M",
2013'Q4,"26,743 M","37,773 M","17,699 M","38,279 M","5,156 M","5,441 M","3,298 M",,,"11,637 M","25,609 M","31,310 M","6,945 M","6,878 M",,"3,336 M","12,094 M","14,740 M","12,960 M","13,266 M","16,089 M","14,388 M","16,369 M","5,355 M",,"8,901 M",
2014'Q1,"30,720 M","38,420 M","17,926 M","38,435 M","5,209 M","5,535 M","3,283 M",,,"11,589 M","25,328 M","30,568 M","6,729 M","6,990 M",,"3,201 M","11,897 M","14,670 M","13,137 M","13,067 M","16,396 M","14,625 M","16,792 M","5,486 M",,"8,100 M",
2014'Q2,"34,697 M","39,068 M","18,152 M","38,590 M","5,262 M","5,629 M","3,268 M",,,"11,540 M","25,048 M","29,826 M","6,514 M","7,101 M",,"3,066 M","11,701 M","14,601 M","13,313 M","12,869 M","16,703 M","14,861 M","17,215 M","5,617 M",,"7,298 M",
2014'Q3,"38,673 M","39,715 M","18,379 M","38,746 M","5,315 M","5,723 M","3,253 M",,,"11,491 M","24,768 M","29,084 M","6,299 M","7,213 M",,"2,931 M","11,504 M","14,531 M","13,490 M","12,670 M","17,010 M","15,097 M","17,637 M","5,748 M",,"6,497 M",
2014'Q4,"42,650 M","40,362 M","18,605 M","38,901 M","5,368 M","5,817 M","3,237 M",,,"11,442 M","24,488 M","28,342 M","6,083 M","7,325 M",,"2,796 M","11,308 M","14,462 M","13,667 M","12,471 M","17,317 M","15,333 M","18,060 M","5,879 M","9,272 M","5,696 M",
2015'Q1,"42,235 M","40,448 M","18,909 M","38,642 M","5,426 M","5,967 M","3,202 M",,,"11,097 M","24,588 M","27,849 M","6,423 M","7,274 M",,"2,767 M","11,299 M","13,883 M","13,551 M","11,885 M","17,227 M","15,305 M","17,828 M","5,762 M","9,373 M","5,743 M",
2015'Q2,"41,820 M","40,533 M","19,213 M","38,383 M","5,483 M","6,117 M","3,167 M",,,"10,751 M","24,687 M","27,357 M","6,762 M","7,223 M",,"2,738 M","11,290 M","13,304 M","13,436 M","11,298 M","17,136 M","15,276 M","17,597 M","5,645 M","9,473 M","5,791 M",
2015'Q3,"41,405 M","40,619 M","19,516 M","38,123 M","5,541 M","6,266 M","3,131 M",,,"10,405 M","24,786 M","26,864 M","7,102 M","7,173 M",,"2,709 M","11,280 M","12,725 M","13,320 M","10,712 M","17,045 M","15,247 M","17,365 M","5,527 M","9,573 M","5,838 M",
2015'Q4,"40,990 M","40,704 M","19,820 M","37,864 M","5,598 M","6,416 M","3,096 M",,,"10,059 M","24,886 M","26,371 M","7,441 M","7,122 M",,"2,680 M","11,271 M","12,147 M","13,205 M","10,126 M","16,954 M","15,219 M","17,134 M","5,410 M","9,674 M","5,886 M",
2016'Q1,"40,778 M","40,391 M","19,937 M","37,538 M","5,680 M","6,458 M","3,088 M",,,"10,278 M","24,611 M","27,560 M","7,358 M","6,855 M",,"2,640 M","11,113 M","12,118 M","12,894 M","9,976 M","16,858 M","15,159 M","16,990 M","5,517 M","9,908 M","6,499 M",
2016'Q2,"40,566 M","40,077 M","20,055 M","37,211 M","5,762 M","6,500 M","3,080 M",,,"10,497 M","24,337 M","28,748 M","7,274 M","6,587 M",,"2,601 M","10,954 M","12,088 M","12,583 M","9,826 M","16,761 M","15,098 M","16,847 M","5,623 M","10,143 M","7,111 M",
2016'Q3,"40,354 M","39,764 M","20,172 M","36,885 M","5,843 M","6,542 M","3,072 M",,,"10,715 M","24,062 M","29,936 M","7,191 M","6,319 M",,"2,561 M","10,796 M","12,059 M","12,272 M","9,677 M","16,665 M","15,038 M","16,703 M","5,729 M","10,378 M","7,724 M",
2016'Q4,"40,142 M","39,450 M","20,289 M","36,558 M","5,925 M","6,584 M","3,064 M",,,"10,934 M","23,788 M","31,124 M","7,107 M","6,051 M",,"2,522 M","10,637 M","12,030 M","11,962 M","9,527 M","16,568 M","14,978 M","16,559 M","5,836 M","10,613 M","8,337 M",
2017'Q1,"40,762 M","39,872 M","20,503 M","36,865 M","6,417 M","6,691 M","3,078 M",,,"11,428 M","24,728 M","30,861 M","7,533 M","6,227 M",,"2,684 M","10,990 M","12,114 M","12,084 M","9,686 M","17,188 M","15,451 M","17,459 M","6,709 M","10,851 M","8,610 M",
2017'Q2,"41,382 M","40,294 M","20,718 M","37,171 M","6,910 M","6,798 M","3,093 M",,,"11,922 M","25,669 M","30,598 M","7,959 M","6,403 M",,"2,847 M","11,344 M","12,199 M","12,206 M","9,845 M","17,808 M","15,924 M","18,359 M","7,583 M","11,088 M","8,884 M",
2017'Q3,"42,002 M","40,716 M","20,932 M","37,478 M","7,402 M","6,905 M","3,108 M",,,"12,417 M","26,610 M","30,334 M","8,385 M","6,579 M",,"3,010 M","11,697 M","12,283 M","12,328 M","10,005 M","18,427 M","16,397 M","19,259 M","8,456 M","11,326 M","9,158 M",
2017'Q4,"42,622 M","41,138 M","21,146 M","37,784 M","7,894 M","7,012 M","3,123 M",,,"12,911 M","27,550 M","30,071 M","8,811 M","6,755 M",,"3,173 M","12,050 M","12,367 M","12,450 M","10,164 M","19,047 M","16,870 M","20,159 M","9,329 M","11,564 M","9,431 M","10,893 M"
2018'Q1,"43,102 M","41,963 M","21,351 M","38,664 M","7,987 M","7,174 M","3,147 M",,,"12,982 M","27,649 M","30,205 M","8,770 M","6,993 M",,"3,212 M","12,047 M","12,440 M","12,882 M","10,228 M","19,424 M","17,087 M","20,535 M","9,533 M","11,989 M","9,320 M","11,368 M"
2018'Q2,"43,582 M","42,788 M","21,556 M","39,544 M","8,079 M","7,335 M","3,172 M",,,"13,054 M","27,748 M","30,339 M","8,729 M","7,232 M",,"3,251 M","12,044 M","12,513 M","13,313 M","10,293 M","19,800 M","17,303 M","20,911 M","9,736 M","12,415 M","9,209 M","11,842 M"
2018'Q3,"44,061 M","43,613 M","21,760 M","40,423 M","8,172 M","7,497 M","3,197 M",,,"13,126 M","27,846 M","30,473 M","8,689 M","7,470 M",,"3,291 M","12,042 M","12,586 M","13,745 M","10,357 M","20,177 M","17,520 M","21,287 M","9,940 M","12,840 M","9,098 M","12,317 M"
2018'Q4,"44,541 M","44,438 M","21,965 M","41,303 M","8,264 M","7,658 M","3,222 M",,,"13,198 M","27,945 M","30,607 M","8,648 M","7,709 M","18,415 M","3,330 M","12,039 M","12,659 M","14,177 M","10,422 M","20,554 M","17,737 M","21,663 M","10,144 M","13,266 M","8,986 M","12,791 M"
2019'Q1,"44,848 M","45,080 M","22,081 M","41,792 M","8,393 M","7,767 M","3,159 M",,,"13,561 M","28,122 M","22,955 M","8,813 M","7,754 M","18,382 M","3,383 M","11,832 M","12,601 M","14,067 M","10,424 M","20,430 M","17,885 M","21,948 M","10,266 M","13,423 M","9,528 M","12,883 M"
2019'Q2,"45,155 M","45,723 M","22,197 M","42,281 M","8,523 M","7,876 M","3,097 M",,,"13,924 M","28,299 M","15,304 M","8,977 M","7,799 M","18,348 M","3,437 M","11,626 M","12,542 M","13,957 M","10,426 M","20,307 M","18,033 M","22,232 M","10,388 M","13,579 M","10,070 M","12,976 M"
2019'Q3,"45,461 M","46,365 M","22,312 M","42,770 M","8,652 M","7,985 M","3,034 M",,,"14,287 M","28,476 M","7,652 M","9,142 M","7,845 M","18,315 M","3,490 M","11,420 M","12,484 M","13,847 M","10,429 M","20,184 M","18,181 M","22,516 M","10,510 M","13,736 M","10,613 M","13,068 M"
2019'Q4,"45,768 M","47,007 M","22,428 M","43,259 M","8,781 M","8,094 M","2,972 M",,,"14,650 M","28,653 M",,"9,307 M","7,890 M","18,281 M","3,543 M","11,214 M","12,425 M","13,737 M","10,431 M","20,060 M","18,329 M","22,800 M","10,632 M","13,893 M","11,155 M","13,160 M"
2020'Q1,"38,660 M","39,529 M","19,083 M","36,283 M","7,477 M","6,810 M","2,761 M",,,"12,144 M","23,885 M",,"7,460 M","6,890 M","15,024 M","2,927 M","9,118 M","11,765 M","11,816 M","8,907 M","17,869 M","16,208 M","20,818 M","9,133 M","12,426 M","9,442 M","11,554 M"
2020'Q2,"31,553 M","32,051 M","15,738 M","29,307 M","6,174 M","5,526 M","2,550 M",,,"9,639 M","19,116 M",,"5,612 M","5,890 M","11,767 M","2,310 M","7,023 M","11,105 M","9,896 M","7,383 M","15,678 M","14,088 M","18,836 M","7,635 M","10,960 M","7,729 M","9,947 M"
2020'Q3,"24,445 M","24,573 M","12,393 M","22,331 M","4,870 M","4,241 M","2,338 M",,,"7,133 M","14,347 M",,"3,765 M","4,891 M","8,509 M","1,694 M","4,928 M","10,445 M","7,975 M","5,859 M","13,487 M","11,968 M","16,854 M","6,137 M","9,493 M","6,016 M","8,341 M"
2020'Q4,"17,337 M","17,095 M","9,048 M","15,355 M","3,566 M","2,957 M","2,127 M",,,"4,627 M","9,579 M","13,606 M","1,918 M","3,891 M","5,252 M","1,077 M","2,832 M","9,785 M","6,054 M","4,335 M","11,295 M","9,847 M","14,872 M","4,638 M","8,026 M","4,303 M","6,734 M"
2021'Q1,"20,473 M","20,296 M","10,734 M","17,675 M","4,219 M","3,727 M","2,274 M",,,"4,714 M","9,578 M","14,260 M","2,771 M","3,436 M","5,208 M","1,063 M","3,531 M","8,454 M","6,002 M","4,540 M","11,554 M","10,229 M","15,316 M","4,836 M","9,835 M","4,927 M","5,051 M"
2021'Q2,"23,610 M","23,497 M","12,419 M","19,995 M","4,871 M","4,497 M","2,420 M",,,"4,801 M","9,577 M","14,914 M","3,624 M","2,982 M","5,163 M","1,049 M","4,229 M","7,124 M","5,950 M","4,745 M","11,814 M","10,611 M","15,760 M","5,033 M","11,645 M","5,551 M","3,367 M"
2021'Q3,"26,746 M","26,698 M","14,105 M","22,314 M","5,524 M","5,267 M","2,567 M",,,"4,888 M","9,577 M","15,568 M","4,477 M","2,527 M","5,119 M","1,034 M","4,928 M","5,794 M","5,898 M","4,950 M","12,073 M","10,993 M","16,203 M","5,230 M","13,454 M","6,174 M","1,684 M"
2021'Q4,"29,882 M","29,899 M","15,790 M","24,634 M","6,176 M","6,037 M","2,713 M",,,"4,975 M","9,576 M","16,222 M","5,329 M","2,073 M","5,074 M","1,020 M","5,626 M","4,464 M","5,846 M","5,155 M","12,332 M","11,375 M","16,647 M","5,427 M","15,264 M","6,798 M",
2022'Q1,"34,654 M","35,070 M","17,796 M","29,714 M","7,044 M","6,817 M","2,786 M",,,"6,774 M","13,333 M","19,229 M","6,927 M","3,154 M","6,931 M","1,435 M","7,568 M","4,950 M","6,019 M","6,888 M","11,260 M","10,311 M","15,793 M","4,901 M","16,451 M","6,991 M",
2022'Q2,"39,427 M","40,241 M","19,802 M","34,795 M","7,911 M","7,598 M","2,859 M",,,"8,573 M","17,089 M","22,237 M","8,524 M","4,234 M","8,787 M","1,849 M","9,511 M","5,436 M","6,191 M","8,621 M","10,188 M","9,247 M","14,938 M","4,376 M","17,638 M","7,185 M",
2022'Q3,"44,199 M","45,411 M","21,808 M","39,875 M","8,779 M","8,378 M","2,932 M",,,"10,372 M","20,846 M","25,244 M","10,121 M","5,315 M","10,644 M","2,263 M","11,453 M","5,922 M","6,364 M","10,353 M","9,117 M","8,184 M","14,084 M","3,850 M","18,826 M","7,378 M",
2022'Q4,"48,971 M","50,582 M","23,814 M","44,955 M","9,646 M","9,158 M","3,005 M",,,"12,171 M","24,602 M","28,251 M","11,718 M","6,395 M","12,501 M","2,677 M","13,395 M","6,408 M","6,536 M","12,086 M","8,045 M","7,120 M","13,229 M","3,324 M","20,013 M","7,571 M",
2023'Q1,"49,925 M","52,449 M","24,383 M","47,146 M","9,841 M","9,272 M","2,988 M",,,"13,245 M","26,588 M","29,496 M","12,422 M","7,306 M","9,375 M","2,866 M","13,574 M","8,096 M","7,926 M","12,012 M","11,197 M","9,507 M","15,670 M","4,577 M","20,524 M","7,811 M",
2023'Q2,"50,880 M","54,315 M","24,953 M","49,336 M","10,036 M","9,387 M","2,970 M",,,"14,319 M","28,574 M","30,741 M","13,126 M","8,216 M","6,250 M","3,054 M","13,753 M","9,784 M","9,316 M","11,938 M","14,349 M","11,895 M","18,111 M","5,830 M","21,036 M","8,051 M",
2023'Q3,"51,834 M","56,182 M","25,522 M","51,527 M","10,231 M","9,501 M","2,953 M",,,"15,394 M","30,560 M","31,987 M","13,830 M","9,127 M","3,125 M","3,243 M","13,932 M","11,472 M","10,706 M","11,863 M","17,501 M","14,282 M","20,552 M","7,083 M","21,547 M","8,292 M",
2023'Q4,"52,788 M","58,048 M","26,091 M","53,717 M","10,426 M","9,615 M","2,935 M",,,"16,468 M","32,546 M","33,232 M","14,534 M","10,037 M",,"3,432 M","14,111 M","13,160 M","12,096 M","11,789 M","20,653 M","16,670 M","22,992 M","8,336 M","22,058 M","8,532 M",