Year,Market,Region,Gross Bookings(US$),Online Bookings(US$),Online Penetration %
2005,Australia-New Zealand,APAC,"17,622,452,013","5,642,598,513",32.0
2005,China,APAC,"27,692,163,008","1,747,981,916",6.3
2005,Hong Kong,APAC,"7,736,322,540","451,752,981",5.8
2005,India,APAC,"10,525,771,892","2,135,532,924",20.3
2005,Indonesia,APAC,"2,634,996,673","79,581,861",3.0
2005,Japan,APAC,"79,397,482,925","18,700,399,969",23.6
2005,Macau,APAC,"317,759,185","7,305,142",2.3
2005,Malaysia,APAC,"3,816,708,981","947,364,595",24.8
2005,Singapore,APAC,"4,439,688,536","1,027,533,482",23.1
2005,South Korea,APAC,"9,921,898,914","1,179,214,681",11.9
2005,Taiwan,APAC,"4,489,676,408","420,622,392",9.4
2005,Thailand,APAC,"6,354,131,026","833,501,537",13.1
2005,Bulgaria,Eastern Europe,"814,039,729","57,135,261",7.0
2005,Czech Republic,Eastern Europe,"2,094,852,342","321,871,965",15.4
2005,Greece,Eastern Europe,"7,617,640,821","1,533,263,028",20.1
2005,Hungary,Eastern Europe,"2,195,182,944","403,264,734",18.4
2005,Poland,Eastern Europe,"2,671,870,637","429,980,779",16.1
2005,Rest of Eastern Europe,Eastern Europe,"1,970,609,218","184,416,582",9.4
2005,Romania,Eastern Europe,"1,845,870,927","210,300,298",11.4
2005,Russia,Eastern Europe,"21,915,129,393","1,255,287,543",5.7
2005,Ukraine,Eastern Europe,"2,540,957,326","314,281,393",12.4
2005,France,Europe,"42,347,656,877","12,269,450,229",29.0
2005,Germany,Europe,"54,737,124,174","15,381,044,379",28.1
2005,Italy,Europe,"21,579,263,518","4,413,781,505",20.5
2005,Rest of Europe,Europe,"48,768,820,900","11,906,340,217",24.4
2005,Scandinavia,Europe,"14,801,176,312","5,359,546,091",36.2
2005,Spain,Europe,"20,428,740,782","4,253,068,598",20.8
2005,U.K.,Europe,"57,339,508,345","19,048,705,571",33.2
2005,Argentina,LATAM,"5,452,081,682","245,873,618",4.5
2005,Brazil,LATAM,"21,660,060,440","2,206,475,241",10.2
2005,Chile,LATAM,"3,257,696,026","552,631,388",17.0
2005,Colombia,LATAM,"5,215,011,862","347,404,671",6.7
2005,Mexico,LATAM,"18,333,212,138","2,610,185,686",14.2
2005,Egypt,Middle East,"3,833,452,702","213,217,279",5.6
2005,Qatar,Middle East,"2,344,407,914","363,001,791",15.5
2005,Rest of Middle East,Middle East,"5,412,084,908","408,462,642",7.5
2005,Saudi Arabia,Middle East,"7,047,119,690","763,079,477",10.8
2005,U.A.E.,Middle East,"14,976,469,967","2,168,526,655",14.5
2005,Canada,North America,"19,865,704,202","7,157,974,677",36.0
2005,U.S.,North America,"208,924,690,248","80,857,036,044",38.7
2006,Australia-New Zealand,APAC,"18,699,773,322","5,987,550,033",32.0
2006,China,APAC,"33,339,201,094","2,104,433,683",6.3
2006,Hong Kong,APAC,"8,246,176,597","481,525,277",5.8
2006,India,APAC,"12,063,818,849","2,447,581,290",20.3
2006,Indonesia,APAC,"3,360,432,141","101,491,378",3.0
2006,Japan,APAC,"75,621,020,808","17,810,934,089",23.6
2006,Macau,APAC,"388,680,893","8,935,600",2.3
2006,Malaysia,APAC,"4,326,133,514","1,073,811,429",24.8
2006,Singapore,APAC,"5,162,897,788","1,194,914,980",23.1
2006,South Korea,APAC,"11,177,558,820","1,328,449,481",11.9
2006,Taiwan,APAC,"4,638,388,087","434,554,679",9.4
2006,Thailand,APAC,"7,442,917,361","976,322,810",13.1
2006,Bulgaria,Eastern Europe,"937,006,367","65,765,959",7.0
2006,Czech Republic,Eastern Europe,"2,384,393,935","366,359,741",15.4
2006,Greece,Eastern Europe,"8,458,820,035","1,702,573,845",20.1
2006,Hungary,Eastern Europe,"2,243,744,841","412,185,768",18.4
2006,Poland,Eastern Europe,"3,010,403,858","484,460,504",16.1
2006,Rest of Eastern Europe,Eastern Europe,"2,224,781,904","208,202,961",9.4
2006,Romania,Eastern Europe,"2,287,760,751","260,644,860",11.4
2006,Russia,Eastern Europe,"28,395,334,897","1,626,470,441",5.7
2006,Ukraine,Eastern Europe,"3,185,768,679","394,035,669",12.4
2006,France,Europe,"44,776,208,945","12,973,078,267",29.0
2006,Germany,Europe,"57,629,976,197","16,193,931,172",28.1
2006,Italy,Europe,"22,662,071,426","4,635,256,975",20.5
2006,Rest of Europe,Europe,"51,754,845,574","12,635,343,400",24.4
2006,Scandinavia,Europe,"16,117,958,229","5,836,356,395",36.2
2006,Spain,Europe,"22,324,987,619","4,647,849,068",20.8
2006,U.K.,Europe,"61,065,559,132","20,286,533,492",33.2
2006,Argentina,LATAM,"6,379,891,896","287,715,260",4.5
2006,Brazil,LATAM,"26,907,074,145","2,740,980,021",10.2
2006,Chile,LATAM,"4,098,114,567","695,198,915",17.0
2006,Colombia,LATAM,"5,794,980,294","386,040,008",6.7
2006,Mexico,LATAM,"20,385,036,519","2,902,313,579",14.2
2006,Egypt,Middle East,"4,596,091,119","255,635,355",5.6
2006,Qatar,Middle East,"3,205,277,173","496,296,463",15.5
2006,Rest of Middle East,Middle East,"6,451,191,459","486,886,431",7.5
2006,Saudi Arabia,Middle East,"8,086,413,919","875,616,816",10.8
2006,U.A.E.,Middle East,"18,417,497,243","2,666,772,195",14.5
2006,Canada,North America,"22,340,748,760","8,049,778,265",36.0
2006,U.S.,North America,"221,364,582,406","85,671,463,709",38.7
2007,Australia-New Zealand,APAC,"21,575,336,198","6,908,287,215",32.0
2007,China,APAC,"43,008,717,029","2,714,791,891",6.3
2007,Hong Kong,APAC,"9,015,742,779","526,463,142",5.8
2007,India,APAC,"15,611,096,633","3,167,274,684",20.3
2007,Indonesia,APAC,"3,983,961,826","120,323,148",3.0
2007,Japan,APAC,"75,260,928,584","17,726,121,972",23.6
2007,Macau,APAC,"481,862,375","11,077,801",2.3
2007,Malaysia,APAC,"5,146,657,179","1,277,477,747",24.8
2007,Singapore,APAC,"6,285,410,523","1,454,712,353",23.1
2007,South Korea,APAC,"12,444,694,727","1,479,048,200",11.9
2007,Taiwan,APAC,"4,883,924,392","457,558,134",9.4
2007,Thailand,APAC,"8,825,194,986","1,157,642,729",13.1
2007,Bulgaria,Eastern Europe,"1,210,970,851","84,994,790",7.0
2007,Czech Republic,Eastern Europe,"2,900,299,218","445,628,071",15.4
2007,Greece,Eastern Europe,"9,878,306,312","1,988,285,115",20.1
2007,Hungary,Eastern Europe,"2,718,243,450","499,353,243",18.4
2007,Poland,Eastern Europe,"3,739,881,332","601,854,395",16.1
2007,Rest of Eastern Europe,Eastern Europe,"2,813,007,533","263,251,196",9.4
2007,Romania,Eastern Europe,"3,273,275,990","372,924,730",11.4
2007,Russia,Eastern Europe,"37,280,856,535","2,135,428,633",5.7
2007,Ukraine,Eastern Europe,"4,234,997,769","523,810,843",12.4
2007,France,Europe,"51,304,795,681","14,864,615,507",29.0
2007,Germany,Europe,"65,911,278,130","18,520,963,775",28.1
2007,Italy,Europe,"25,716,294,675","5,259,961,988",20.5
2007,Rest of Europe,Europe,"59,294,135,505","14,475,973,320",24.4
2007,Scandinavia,Europe,"18,568,567,764","6,723,728,754",36.2
2007,Spain,Europe,"26,127,058,688","5,439,403,929",20.8
2007,U.K.,Europe,"69,679,824,352","23,148,270,654",33.2
2007,Argentina,LATAM,"7,888,008,115","355,727,079",4.5
2007,Brazil,LATAM,"33,939,474,781","3,457,359,273",10.2
2007,Chile,LATAM,"4,594,851,964","779,464,812",17.0
2007,Colombia,LATAM,"7,386,576,856","492,066,245",6.7
2007,Mexico,LATAM,"22,025,215,969","3,135,833,646",14.2
2007,Egypt,Middle East,"5,580,619,769","310,395,002",5.6
2007,Qatar,Middle East,"4,196,621,929","649,793,608",15.5
2007,Rest of Middle East,Middle East,"7,367,146,076","556,015,657",7.5
2007,Saudi Arabia,Middle East,"8,924,542,344","966,371,426",10.8
2007,U.A.E.,Middle East,"21,385,933,870","3,096,588,698",14.5
2007,Canada,North America,"24,873,359,360","8,962,323,944",36.0
2007,U.S.,North America,"231,917,931,874","89,755,770,630",38.7
2008,Australia-New Zealand,APAC,"25,860,136,761","8,280,253,458",32.0
2008,China,APAC,"55,655,855,384","3,513,103,281",6.3
2008,Hong Kong,APAC,"9,343,049,846","545,575,833",5.8
2008,India,APAC,"15,382,187,358","3,120,832,172",20.3
2008,Indonesia,APAC,"4,703,037,219","142,040,579",3.0
2008,Japan,APAC,"83,920,156,113","19,765,620,105",23.6
2008,Macau,APAC,"549,465,244","12,631,961",2.3
2008,Malaysia,APAC,"6,137,488,475","1,523,416,983",24.8
2008,Singapore,APAC,"6,725,726,318","1,556,620,227",23.1
2008,South Korea,APAC,"11,115,177,968","1,321,035,535",11.9
2008,Taiwan,APAC,"4,991,875,388","467,671,693",9.4
2008,Thailand,APAC,"9,779,744,421","1,282,855,511",13.1
2008,Bulgaria,Eastern Europe,"1,484,815,340","104,215,199",7.0
2008,Czech Republic,Eastern Europe,"3,609,431,698","554,585,567",15.4
2008,Greece,Eastern Europe,"11,038,150,032","2,221,736,066",20.1
2008,Hungary,Eastern Europe,"3,069,959,657","563,965,053",18.4
2008,Poland,Eastern Europe,"4,661,519,420","750,172,453",16.1
2008,Rest of Eastern Europe,Eastern Europe,"3,445,961,375","322,485,256",9.4
2008,Romania,Eastern Europe,"4,018,100,034","457,782,624",11.4
2008,Russia,Eastern Europe,"47,639,972,669","2,728,793,573",5.7
2008,Ukraine,Eastern Europe,"5,356,191,772","662,487,086",12.4
2008,France,Europe,"56,539,675,709","16,381,325,160",29.0
2008,Germany,Europe,"72,054,497,967","20,247,198,727",28.1
2008,Italy,Europe,"27,972,411,434","5,721,423,817",20.5
2008,Rest of Europe,Europe,"63,137,359,814","15,414,251,820",24.4
2008,Scandinavia,Europe,"20,430,267,155","7,397,855,154",36.2
2008,Spain,Europe,"28,946,668,076","6,026,419,657",20.8
2008,U.K.,Europe,"66,047,637,325","21,941,625,127",33.2
2008,Argentina,LATAM,"9,918,852,603","447,312,479",4.5
2008,Brazil,LATAM,"41,196,645,958","4,196,635,535",10.2
2008,Chile,LATAM,"4,792,068,377","812,920,352",17.0
2008,Colombia,LATAM,"8,685,833,937","578,617,914",6.7
2008,Mexico,LATAM,"23,207,998,277","3,304,231,929",14.2
2008,Egypt,Middle East,"6,965,972,798","387,448,569",5.6
2008,Qatar,Middle East,"6,068,650,979","939,653,531",15.5
2008,Rest of Middle East,Middle East,"9,292,523,109","701,328,342",7.5
2008,Saudi Arabia,Middle East,"11,152,270,067","1,207,595,270",10.8
2008,U.A.E.,Middle East,"26,158,577,915","3,787,646,460",14.5
2008,Canada,North America,"26,298,702,318","9,475,900,946",36.0
2008,U.S.,North America,"236,654,821,900","91,589,019,190",38.7
2009,Australia-New Zealand,APAC,"22,835,228,184","7,311,696,720",32.0
2009,China,APAC,"61,801,952,418","3,901,056,597",6.3
2009,Hong Kong,APAC,"9,120,168,879","532,560,975",5.8
2009,India,APAC,"17,216,829,245","3,493,055,529",20.3
2009,Indonesia,APAC,"4,973,584,490","150,211,616",3.0
2009,Japan,APAC,"86,924,413,735","20,473,209,528",23.6
2009,Macau,APAC,"564,118,907","12,968,842",2.3
2009,Malaysia,APAC,"5,378,207,637","1,334,952,055",24.8
2009,Singapore,APAC,"6,744,239,871","1,560,905,054",23.1
2009,South Korea,APAC,"10,017,846,982","1,190,618,080",11.9
2009,Taiwan,APAC,"4,690,947,283","439,478,770",9.4
2009,Thailand,APAC,"9,455,109,359","1,240,271,588",13.1
2009,Bulgaria,Eastern Europe,"1,417,855,507","99,515,468",7.0
2009,Czech Republic,Eastern Europe,"3,158,693,808","485,330,141",15.4
2009,Greece,Eastern Europe,"10,274,475,285","2,068,025,188",20.1
2009,Hungary,Eastern Europe,"2,541,454,383","466,876,316",18.4
2009,Poland,Eastern Europe,"3,837,150,854","617,507,857",16.1
2009,Rest of Eastern Europe,Eastern Europe,"2,888,012,700","270,270,445",9.4
2009,Romania,Eastern Europe,"3,264,309,519","371,903,179",11.4
2009,Russia,Eastern Europe,"35,070,527,360","2,008,822,094",5.7
2009,Ukraine,Eastern Europe,"3,461,034,991","428,082,317",12.4
2009,France,Europe,"52,159,785,888","15,112,333,104",29.0
2009,Germany,Europe,"65,830,765,918","18,498,339,972",28.1
2009,Italy,Europe,"25,565,414,400","5,229,101,223",20.5
2009,Rest of Europe,Europe,"56,689,701,816","13,840,131,136",24.4
2009,Scandinavia,Europe,"17,527,588,226","6,346,787,240",36.2
2009,Spain,Europe,"26,478,097,443","5,512,486,843",20.8
2009,U.K.,Europe,"54,400,813,036","18,072,444,293",33.2
2009,Argentina,LATAM,"9,134,756,610","411,951,945",4.5
2009,Brazil,LATAM,"40,495,595,841","4,125,220,696",10.2
2009,Chile,LATAM,"4,575,854,253","776,242,064",17.0
2009,Colombia,LATAM,"8,326,390,288","554,673,116",6.7
2009,Mexico,LATAM,"18,850,009,623","2,683,764,576",14.2
2009,Egypt,Middle East,"8,092,418,672","450,101,676",5.6
2009,Qatar,Middle East,"5,148,813,911","797,228,443",15.5
2009,Rest of Middle East,Middle East,"7,629,640,786","575,826,744",7.6
2009,Saudi Arabia,Middle East,"9,206,319,269","996,882,925",10.8
2009,U.A.E.,Middle East,"21,023,683,070","3,044,136,383",14.5
2009,Canada,North America,"23,278,233,995","8,387,571,252",36.0
2009,U.S.,North America,"231,979,443,474","89,779,576,556",38.7
2010,Australia-New Zealand,APAC,"27,822,553,085","9,085,105,827",32.7
2010,China,APAC,"76,469,151,761","6,773,334,427",8.9
2010,Hong Kong,APAC,"11,239,865,265","712,082,243",6.3
2010,India,APAC,"20,564,906,937","4,968,635,858",24.2
2010,Indonesia,APAC,"7,358,319,180","274,791,982",3.7
2010,Japan,APAC,"98,501,428,510","24,631,752,371",25.0
2010,Macau,APAC,"635,279,336","17,803,468",2.8
2010,Malaysia,APAC,"7,013,845,425","1,990,580,926",28.4
2010,Singapore,APAC,"8,914,969,073","2,225,425,374",25.0
2010,South Korea,APAC,"12,753,860,116","1,667,176,209",13.1
2010,Taiwan,APAC,"6,079,271,907","642,303,561",10.6
2010,Thailand,APAC,"10,111,278,531","1,630,755,943",16.1
2010,Bulgaria,Eastern Europe,"1,378,792,489","150,793,701",10.9
2010,Czech Republic,Eastern Europe,"3,077,801,125","617,356,899",20.1
2010,Greece,Eastern Europe,"10,005,003,287","2,148,073,001",21.5
2010,Hungary,Eastern Europe,"2,626,167,810","578,461,089",22.0
2010,Poland,Eastern Europe,"4,383,600,966","819,906,144",18.7
2010,Rest of Eastern Europe,Eastern Europe,"2,934,685,765","377,063,172",12.9
2010,Romania,Eastern Europe,"3,412,797,127","489,627,393",14.4
2010,Russia,Eastern Europe,"40,373,869,944","3,426,988,138",8.5
2010,Ukraine,Eastern Europe,"3,743,822,754","555,555,019",14.8
2010,France,Europe,"51,887,808,722","16,475,482,134",31.8
2010,Germany,Europe,"66,295,315,858","19,921,049,861",30.1
2010,Italy,Europe,"25,368,446,111","5,920,872,560",23.3
2010,Rest of Europe,Europe,"54,328,538,041","14,302,196,748",26.3
2010,Scandinavia,Europe,"17,640,906,292","6,949,040,519",39.4
2010,Spain,Europe,"26,308,713,445","6,529,153,859",24.8
2010,U.K.,Europe,"56,248,188,727","20,119,817,516",35.8
2010,Argentina,LATAM,"9,529,447,067","626,452,550",6.6
2010,Brazil,LATAM,"41,631,254,893","5,249,878,000",12.6
2010,Chile,LATAM,"4,831,785,982","946,233,368",19.6
2010,Colombia,LATAM,"9,233,683,302","982,648,541",10.6
2010,Mexico,LATAM,"21,694,690,981","3,516,276,678",16.2
2010,Egypt,Middle East,"8,398,682,081","590,376,562",7.0
2010,Qatar,Middle East,"5,399,878,072","879,941,354",16.3
2010,Rest of Middle East,Middle East,"7,862,496,185","770,288,236",9.8
2010,Saudi Arabia,Middle East,"9,579,052,147","1,178,779,983",12.3
2010,U.A.E.,Middle East,"23,047,165,983","4,064,700,988",17.6
2010,Canada,North America,"28,216,453,567","10,208,632,828",36.2
2010,U.S.,North America,"254,705,582,643","99,999,370,441",39.3
2011,Australia-New Zealand,APAC,"33,707,772,181","11,341,425,257",33.7
2011,China,APAC,"91,339,166,671","10,129,166,104",11.1
2011,Hong Kong,APAC,"13,104,402,818","923,769,805",7.1
2011,India,APAC,"22,437,388,186","6,132,711,960",27.3
2011,Indonesia,APAC,"9,844,796,637","469,959,720",4.8
2011,Japan,APAC,"104,800,283,699","28,622,384,774",27.3
2011,Macau,APAC,"776,049,474","24,733,903",3.2
2011,Malaysia,APAC,"8,477,351,056","2,475,301,705",29.2
2011,Singapore,APAC,"9,760,790,904","2,541,605,701",26.0
2011,South Korea,APAC,"14,414,025,730","2,391,129,978",16.6
2011,Taiwan,APAC,"7,064,299,789","820,232,259",11.6
2011,Thailand,APAC,"11,410,450,666","2,167,533,916",19.0
2011,Bulgaria,Eastern Europe,"1,427,256,282","195,999,575",13.7
2011,Czech Republic,Eastern Europe,"3,357,420,388","769,114,116",22.9
2011,Greece,Eastern Europe,"10,250,227,712","2,281,026,783",22.3
2011,Hungary,Eastern Europe,"2,798,191,950","646,395,175",23.1
2011,Poland,Eastern Europe,"4,799,167,700","1,027,670,863",21.4
2011,Rest of Eastern Europe,Eastern Europe,"4,250,959,401","507,783,775",12.0
2011,Romania,Eastern Europe,"3,486,284,770","567,966,403",16.3
2011,Russia,Eastern Europe,"42,416,367,019","5,194,668,095",12.3
2011,Ukraine,Eastern Europe,"4,433,361,675","758,853,452",17.1
2011,France,Europe,"54,523,679,982","18,559,302,170",34.0
2011,Germany,Europe,"75,854,534,521","25,318,154,687",33.4
2011,Italy,Europe,"28,548,040,959","7,540,125,221",26.4
2011,Rest of Europe,Europe,"58,797,366,785","17,605,938,748",29.9
2011,Scandinavia,Europe,"19,652,490,548","9,507,718,925",48.4
2011,Spain,Europe,"28,023,155,266","8,089,681,209",28.9
2011,U.K.,Europe,"55,275,457,516","27,523,290,487",49.8
2011,Argentina,LATAM,"9,797,783,465","892,870,897",9.1
2011,Brazil,LATAM,"42,231,796,879","6,613,921,181",15.7
2011,Chile,LATAM,"5,067,704,419","1,135,478,670",22.4
2011,Colombia,LATAM,"9,809,682,734","1,435,724,048",14.6
2011,Mexico,LATAM,"22,019,735,856","4,239,828,518",19.3
2011,Egypt,Middle East,"6,312,946,666","495,280,545",7.9
2011,Qatar,Middle East,"6,642,576,703","1,149,990,163",17.3
2011,Rest of Middle East,Middle East,"7,824,385,225","924,752,693",11.8
2011,Saudi Arabia,Middle East,"9,667,993,245","1,384,178,881",14.3
2011,U.A.E.,Middle East,"26,015,514,494","5,160,164,214",19.8
2011,Canada,North America,"33,269,695,336","11,993,039,305",36.1
2011,U.S.,North America,"279,632,120,158","111,700,429,153",40.0
2012,Australia-New Zealand,APAC,"34,898,150,171","12,302,276,429",35.3
2012,China,APAC,"107,924,320,431","14,321,702,319",13.3
2012,Hong Kong,APAC,"13,703,613,429","1,245,731,135",9.1
2012,India,APAC,"22,394,862,659","5,948,895,699",26.6
2012,Indonesia,APAC,"10,709,669,263","784,465,121",7.3
2012,Japan,APAC,"105,593,825,382","32,427,913,030",30.7
2012,Macau,APAC,"822,790,046","41,139,503",5.0
2012,Malaysia,APAC,"9,017,429,177","2,789,436,443",30.9
2012,Singapore,APAC,"10,581,338,025","2,960,955,118",28.0
2012,South Korea,APAC,"15,130,892,069","3,438,797,102",22.7
2012,Taiwan,APAC,"8,757,544,910","1,144,680,324",13.1
2012,Thailand,APAC,"11,435,325,683","2,460,755,124",21.5
2012,Bulgaria,Eastern Europe,"1,511,351,635","249,833,080",16.5
2012,Czech Republic,Eastern Europe,"3,419,521,766","853,457,077",25.0
2012,Greece,Eastern Europe,"9,983,336,772","2,412,140,334",24.2
2012,Hungary,Eastern Europe,"2,330,047,885","651,335,642",28.0
2012,Poland,Eastern Europe,"5,233,866,911","1,217,636,058",23.3
2012,Rest of Eastern Europe,Eastern Europe,"2,168,186,819","300,223,407",13.9
2012,Romania,Eastern Europe,"3,240,758,385","660,475,894",20.4
2012,Russia,Eastern Europe,"43,737,208,222","7,604,698,539",17.4
2012,Ukraine,Eastern Europe,"4,275,127,003","853,862,350",20.0
2012,France,Europe,"52,906,790,792","19,024,243,926",36.0
2012,Germany,Europe,"74,915,148,845","25,271,135,264",33.7
2012,Italy,Europe,"26,786,234,577","7,544,638,769",28.2
2012,Rest of Europe,Europe,"56,156,081,940","18,871,236,047",33.6
2012,Scandinavia,Europe,"19,819,453,646","10,074,389,968",50.8
2012,Spain,Europe,"26,071,098,002","8,729,508,695",33.5
2012,U.K.,Europe,"63,285,267,930","30,433,461,027",48.1
2012,Argentina,LATAM,"9,589,350,117","1,144,581,205",11.9
2012,Brazil,LATAM,"40,849,915,679","8,072,565,525",19.8
2012,Chile,LATAM,"5,128,334,919","1,256,423,951",24.5
2012,Colombia,LATAM,"10,492,339,303","1,915,248,703",18.3
2012,Mexico,LATAM,"23,494,037,589","5,093,887,696",21.7
2012,Egypt,Middle East,"7,214,850,360","628,053,427",8.7
2012,Qatar,Middle East,"7,368,488,547","1,367,218,776",18.6
2012,Rest of Middle East,Middle East,"8,005,986,093","1,126,171,065",14.1
2012,Saudi Arabia,Middle East,"9,885,989,217","1,622,135,281",16.4
2012,U.A.E.,Middle East,"29,065,847,429","6,481,222,769",22.3
2012,Canada,North America,"36,764,726,111","13,090,607,058",35.6
2012,U.S.,North America,"292,925,051,523","121,045,165,605",41.3
2013,Australia-New Zealand,APAC,"32,502,718,621","12,049,878,540",37.1
2013,China,APAC,"117,542,874,937","19,538,627,372",16.6
2013,Hong Kong,APAC,"13,035,900,282","1,305,156,206",10.0
2013,India,APAC,"22,194,593,380","6,436,561,647",29.0
2013,Indonesia,APAC,"11,604,599,417","1,019,157,127",8.8
2013,Japan,APAC,"93,300,282,212","30,878,091,821",33.1
2013,Macau,APAC,"1,398,816,458","101,414,193",7.3
2013,Malaysia,APAC,"9,997,185,867","3,435,130,807",34.4
2013,Singapore,APAC,"10,505,282,390","3,139,456,073",29.9
2013,South Korea,APAC,"14,792,410,436","3,385,944,550",22.9
2013,Taiwan,APAC,"9,193,950,596","1,179,074,256",12.8
2013,Thailand,APAC,"12,681,772,520","3,075,462,289",24.3
2013,Bulgaria,Eastern Europe,"1,481,267,323","309,080,331",20.9
2013,Czech Republic,Eastern Europe,"3,094,702,549","884,715,111",28.6
2013,Greece,Eastern Europe,"9,017,891,069","2,312,616,006",25.6
2013,Hungary,Eastern Europe,"2,258,954,286","724,966,844",32.1
2013,Poland,Eastern Europe,"5,272,155,242","1,299,050,268",24.6
2013,Rest of Eastern Europe,Eastern Europe,"2,049,790,356","338,584,135",16.5
2013,Romania,Eastern Europe,"3,148,659,245","743,899,945",23.6
2013,Russia,Eastern Europe,"45,106,867,226","10,689,660,159",23.7
2013,Ukraine,Eastern Europe,"4,651,041,444","838,333,411",18.0
2013,France,Europe,"55,974,527,473","20,673,684,525",36.9
2013,Germany,Europe,"77,624,912,810","27,318,951,786",35.2
2013,Italy,Europe,"27,037,525,690","8,200,863,349",30.3
2013,Rest of Europe,Europe,"60,697,421,119","21,646,946,555",35.7
2013,Scandinavia,Europe,"20,718,872,895","10,862,475,143",52.4
2013,Spain,Europe,"27,053,987,840","10,281,825,669",38.0
2013,U.K.,Europe,"66,640,690,079","32,874,159,636",49.3
2013,Argentina,LATAM,"8,546,958,306","1,390,690,265",16.3
2013,Brazil,LATAM,"35,984,886,785","8,295,193,927",23.1
2013,Chile,LATAM,"5,299,435,566","1,469,357,356",27.7
2013,Colombia,LATAM,"10,548,000,000","2,318,596,494",22.0
2013,Mexico,LATAM,"25,919,000,000","6,303,140,000",24.3
2013,Egypt,Middle East,"7,449,323,966","702,309,697",9.4
2013,Qatar,Middle East,"8,092,318,249","1,609,752,365",19.9
2013,Rest of Middle East,Middle East,"7,917,011,200","1,385,113,886",17.5
2013,Saudi Arabia,Middle East,"10,183,996,811","1,908,452,676",18.7
2013,U.A.E.,Middle East,"32,299,183,505","8,000,847,751",24.8
2013,Canada,North America,"35,968,843,943","13,366,976,374",37.2
2013,U.S.,North America,"307,706,161,071","132,431,794,805",43.0
2014,Australia-New Zealand,APAC,"31,311,526,940","11,862,473,392",37.9
2014,China,APAC,"130,212,485,754","30,414,770,748",23.4
2014,Hong Kong,APAC,"13,625,079,668","1,478,296,074",10.9
2014,India,APAC,"24,516,180,502","7,789,611,521",31.8
2014,Indonesia,APAC,"11,974,814,532","1,295,011,198",10.8
2014,Japan,APAC,"92,820,326,933","32,387,648,042",34.9
2014,Macau,APAC,"1,713,482,469","154,213,423",9.0
2014,Malaysia,APAC,"9,997,076,242","3,518,183,950",35.2
2014,Singapore,APAC,"10,844,805,340","3,431,080,249",31.6
2014,South Korea,APAC,"15,572,460,759","4,106,921,483",26.4
2014,Taiwan,APAC,"9,573,022,396","1,381,244,159",14.4
2014,Thailand,APAC,"11,811,948,487","3,147,523,065",26.7
2014,Bulgaria,Eastern Europe,"1,404,211,092","299,341,826",21.3
2014,Czech Republic,Eastern Europe,"3,154,488,641","927,977,419",29.4
2014,Greece,Eastern Europe,"6,743,358,017","1,282,512,384",19.0
2014,Hungary,Eastern Europe,"2,335,105,879","784,418,716",33.6
2014,Poland,Eastern Europe,"5,670,447,431","1,685,522,644",29.7
2014,Rest of Eastern Europe,Eastern Europe,"2,098,147,455","404,539,094",19.3
2014,Romania,Eastern Europe,"2,799,493,770","801,311,696",28.6
2014,Russia,Eastern Europe,"26,367,939,168","6,450,639,049",24.5
2014,Ukraine,Eastern Europe,"3,423,587,131","594,359,605",17.4
2014,France,Europe,"56,733,209,972","20,944,032,683",36.9
2014,Germany,Europe,"76,969,871,032","28,771,227,047",37.4
2014,Italy,Europe,"27,501,804,466","8,887,180,326",32.3
2014,Rest of Europe,Europe,"61,573,296,614","22,906,649,241",37.2
2014,Scandinavia,Europe,"20,041,771,595","10,751,518,031",53.7
2014,Spain,Europe,"28,330,858,340","11,335,293,062",40.0
2014,U.K.,Europe,"72,389,241,512","38,980,795,455",53.9
2014,Argentina,LATAM,"6,109,921,776","1,194,648,539",19.6
2014,Brazil,LATAM,"28,017,109,363","7,306,500,520",26.1
2014,Chile,LATAM,"4,865,792,756","1,443,047,336",29.7
2014,Colombia,LATAM,"10,324,042,445","2,664,256,416",25.8
2014,Mexico,LATAM,"26,909,655,707","7,282,401,118",27.1
2014,Egypt,Middle East,"7,688,222,935","816,916,915",10.6
2014,Qatar,Middle East,"9,000,930,958","1,944,575,280",21.6
2014,Rest of Middle East,Middle East,"8,365,999,445","1,668,204,527",19.9
2014,Saudi Arabia,Middle East,"10,995,717,767","2,317,463,068",21.1
2014,U.A.E.,Middle East,"35,095,689,669","9,779,359,532",27.9
2014,Canada,North America,"35,013,996,968","13,452,773,314",38.4
2014,U.S.,North America,"323,780,578,902","140,665,137,270",43.4
2015,Australia-New Zealand,APAC,"28,320,601,824","11,137,414,434",39.3
2015,China,APAC,"139,008,498,838","41,830,260,027",30.1
2015,Hong Kong,APAC,"12,970,178,960","1,579,579,023",12.2
2015,India,APAC,"25,096,528,006","8,604,904,196",34.3
2015,Indonesia,APAC,"11,170,993,597","1,608,339,654",14.4
2015,Japan,APAC,"85,583,357,590","31,189,488,928",36.4
2015,Macau,APAC,"1,661,516,099","199,381,932",12.0
2015,Malaysia,APAC,"8,589,812,151","3,086,933,204",35.9
2015,Singapore,APAC,"9,869,166,474","3,398,165,611",34.4
2015,South Korea,APAC,"14,224,914,506","4,371,669,424",30.7
2015,Taiwan,APAC,"9,175,702,798","1,486,372,022",16.2
2015,Thailand,APAC,"12,313,782,141","3,608,220,111",29.3
2015,Bulgaria,Eastern Europe,"1,186,485,265","307,114,412",25.9
2015,Czech Republic,Eastern Europe,"2,867,422,279","877,783,054",30.6
2015,Greece,Eastern Europe,"6,450,972,514","1,295,499,201",20.1
2015,Hungary,Eastern Europe,"2,137,606,977","832,300,290",38.9
2015,Poland,Eastern Europe,"5,082,195,099","1,712,716,949",33.7
2015,Rest of Eastern Europe,Eastern Europe,"1,764,892,077","621,450,381",35.2
2015,Romania,Eastern Europe,"2,667,860,788","844,792,124",31.7
2015,Russia,Eastern Europe,"25,207,533,186","7,317,956,437",29.0
2015,Ukraine,Eastern Europe,"2,270,648,913","471,193,158",20.8
2015,France,Europe,"48,091,250,546","18,759,286,243",39.0
2015,Germany,Europe,"67,949,512,313","26,189,795,093",38.5
2015,Italy,Europe,"24,268,955,470","8,256,080,118",34.0
2015,Rest of Europe,Europe,"54,574,165,772","21,421,560,405",39.3
2015,Scandinavia,Europe,"17,176,623,180","9,761,738,239",56.8
2015,Spain,Europe,"24,867,458,270","10,374,234,143",41.7
2015,U.K.,Europe,"68,026,761,402","38,328,327,122",56.3
2015,Argentina,LATAM,"5,535,475,264","1,180,053,450",21.3
2015,Brazil,LATAM,"18,531,615,317","5,662,614,611",30.6
2015,Chile,LATAM,"4,498,013,573","1,395,699,580",31.0
2015,Colombia,LATAM,"7,791,829,462","2,174,525,211",27.9
2015,Mexico,LATAM,"23,862,699,230","7,005,398,531",29.4
2015,Egypt,Middle East,"6,431,332,495","754,626,136",11.7
2015,Qatar,Middle East,"9,416,217,231","2,176,568,424",23.1
2015,Rest of Middle East,Middle East,"8,618,307,812","1,905,816,286",22.1
2015,Saudi Arabia,Middle East,"11,713,656,400","2,735,043,722",23.4
2015,U.A.E.,Middle East,"35,028,361,015","10,410,221,661",29.7
2015,Canada,North America,"30,542,786,607","11,654,087,254",38.2
2015,U.S.,North America,"335,429,923,271","150,262,948,879",44.8
2016,Australia-New Zealand,APAC,"36,809,001,016","14,946,718,627",40.6
2016,China,APAC,"138,455,456,687","51,228,355,910",37.0
2016,Hong Kong,APAC,"12,088,184,323","1,721,993,803",14.3
2016,India,APAC,"28,019,825,380","10,276,945,942",36.7
2016,Indonesia,APAC,"11,677,762,813","2,305,539,161",19.7
2016,Japan,APAC,"95,582,492,348","36,393,935,723",38.1
2016,Macau,APAC,"1,641,172,767","246,175,915",15.0
2016,Malaysia,APAC,"8,414,280,175","3,371,011,375",40.1
2016,Singapore,APAC,"11,254,363,824","4,189,952,774",37.2
2016,South Korea,APAC,"14,800,889,974","5,034,270,837",34.0
2016,Taiwan,APAC,"9,093,067,018","1,687,109,588",18.6
2016,Thailand,APAC,"12,434,703,829","3,936,150,619",31.7
2016,Bulgaria,Eastern Europe,"1,319,378,328","368,848,018",28.0
2016,Czech Republic,Eastern Europe,"3,094,066,684","1,049,001,969",33.9
2016,Greece,Eastern Europe,"6,926,477,837","1,525,881,833",22.0
2016,Hungary,Eastern Europe,"2,326,224,448","1,005,029,236",43.2
2016,Poland,Eastern Europe,"5,161,023,833","1,828,360,200",35.4
2016,Rest of Eastern Europe,Eastern Europe,"1,871,267,180","742,409,268",39.7
2016,Romania,Eastern Europe,"2,854,916,164","993,855,530",34.8
2016,Russia,Eastern Europe,"26,473,289,743","9,211,392,828",34.8
2016,Ukraine,Eastern Europe,"2,260,665,247","522,527,800",23.1
2016,France,Europe,"47,913,159,052","19,700,037,947",41.1
2016,Germany,Europe,"67,790,585,724","27,140,433,397",40.0
2016,Italy,Europe,"23,869,889,193","8,587,719,005",36.0
2016,Rest of Europe,Europe,"56,885,819,818","24,010,937,178",42.2
2016,Scandinavia,Europe,"21,292,633,452","11,194,321,073",52.6
2016,Spain,Europe,"26,846,302,407","11,375,840,964",42.4
2016,U.K.,Europe,"61,426,609,347","35,672,920,484",58.1
2016,Argentina,LATAM,"4,116,769,997","1,011,353,324",24.6
2016,Brazil,LATAM,"17,468,850,190","6,085,445,129",34.8
2016,Chile,LATAM,"4,658,942,048","1,544,625,370",33.2
2016,Colombia,LATAM,"7,460,711,546","2,312,289,364",31.0
2016,Mexico,LATAM,"21,873,666,453","6,828,190,041",31.2
2016,Egypt,Middle East,"4,752,859,551","568,781,695",12.0
2016,Qatar,Middle East,"10,292,755,671","2,539,995,240",24.7
2016,Rest of Middle East,Middle East,"10,212,168,569","2,384,670,806",23.4
2016,Saudi Arabia,Middle East,"12,403,060,831","3,188,655,031",25.7
2016,U.A.E.,Middle East,"34,831,936,841","10,872,267,926",31.2
2016,Canada,North America,"31,501,368,756","12,490,511,734",39.7
2016,U.S.,North America,"349,549,087,914","165,272,760,776",47.3
2017,Australia-New Zealand,APAC,"32,762,525,516","13,673,711,797",41.7
2017,China,APAC,"151,136,318,464","67,290,322,689",44.5
2017,Hong Kong,APAC,"12,234,649,197","2,026,641,261",16.6
2017,India,APAC,"31,153,853,975","12,418,144,950",39.9
2017,Indonesia,APAC,"12,804,450,914","3,423,763,072",26.7
2017,Japan,APAC,"95,710,442,003","38,143,646,797",39.9
2017,Macau,APAC,"1,857,877,581","325,128,577",17.5
2017,Malaysia,APAC,"9,148,525,816","4,097,107,683",44.8
2017,Singapore,APAC,"11,670,488,505","4,600,616,299",39.4
2017,South Korea,APAC,"15,142,265,110","5,559,133,684",36.7
2017,Taiwan,APAC,"10,039,054,122","2,118,183,052",21.1
2017,Thailand,APAC,"13,936,617,096","4,689,421,284",33.7
2017,Bulgaria,Eastern Europe,"1,507,142,323","469,963,328",31.2
2017,Czech Republic,Eastern Europe,"2,853,193,534","1,304,823,882",45.7
2017,Greece,Eastern Europe,"4,491,747,138","1,259,584,248",28.0
2017,Hungary,Eastern Europe,"2,011,576,970","1,049,695,005",52.2
2017,Poland,Eastern Europe,"4,347,960,081","1,683,624,191",38.7
2017,Rest of Eastern Europe,Eastern Europe,"1,899,773,557","823,130,206",43.3
2017,Romania,Eastern Europe,"2,226,161,131","941,378,976",42.3
2017,Russia,Eastern Europe,"34,672,512,035","12,333,470,808",35.6
2017,Ukraine,Eastern Europe,"2,307,747,104","597,439,598",25.9
2017,France,Europe,"51,249,382,627","22,085,549,436",43.1
2017,Germany,Europe,"72,216,650,704","30,247,891,417",41.9
2017,Italy,Europe,"25,798,017,161","9,688,418,294",37.6
2017,Rest of Europe,Europe,"63,083,598,470","27,859,302,128",44.2
2017,Scandinavia,Europe,"23,816,082,974","14,216,726,406",59.7
2017,Spain,Europe,"29,933,506,329","12,844,836,043",42.9
2017,U.K.,Europe,"61,631,482,059","37,737,221,586",61.2
2017,Argentina,LATAM,"3,591,286,370","970,708,200",27.0
2017,Brazil,LATAM,"19,352,008,480","7,527,046,315",38.9
2017,Chile,LATAM,"5,343,964,340","1,918,831,364",35.9
2017,Colombia,LATAM,"8,021,809,614","2,649,959,297",33.0
2017,Mexico,LATAM,"23,062,177,188","7,717,462,987",33.5
2017,Egypt,Middle East,"3,067,771,978","403,614,922",13.2
2017,Qatar,Middle East,"10,761,822,188","2,846,237,281",26.5
2017,Rest of Middle East,Middle East,"10,556,091,498","2,725,231,419",25.8
2017,Saudi Arabia,Middle East,"13,566,289,071","3,882,807,323",28.6
2017,U.A.E.,Middle East,"36,686,475,107","12,244,229,012",33.4
2017,Canada,North America,"34,322,144,559","14,233,545,522",41.5
2017,U.S.,North America,"367,261,779,599","179,039,055,722",48.8
2018,Australia-New Zealand,APAC,"33,817,758,312","14,725,111,695",43.5
2018,China,APAC,"170,565,279,030","85,063,200,202",49.9
2018,Hong Kong,APAC,"13,516,634,505","2,534,707,250",18.8
2018,India,APAC,"32,522,133,635","13,821,745,128",42.5
2018,Indonesia,APAC,"13,291,708,989","4,173,132,929",31.4
2018,Japan,APAC,"101,827,586,962","42,861,913,237",42.1
2018,Macau,APAC,"2,194,950,602","438,990,120",20.0
2018,Malaysia,APAC,"9,137,998,595","3,725,907,299",40.8
2018,Singapore,APAC,"12,456,787,187","5,245,338,863",42.1
2018,South Korea,APAC,"20,088,891,341","8,316,133,280",41.4
2018,Taiwan,APAC,"11,571,908,012","3,154,122,839",27.3
2018,Thailand,APAC,"17,009,195,959","6,006,894,441",35.3
2018,Bulgaria,Eastern Europe,"1,213,527,956","360,621,875",29.7
2018,Czech Republic,Eastern Europe,"3,720,395,754","1,920,186,656",51.6
2018,Greece,Eastern Europe,"5,949,648,286","2,070,228,015",34.8
2018,Hungary,Eastern Europe,"3,810,668,468","2,827,330,416",74.2
2018,Poland,Eastern Europe,"4,641,774,875","1,795,558,585",38.7
2018,Rest of Eastern Europe,Eastern Europe,"2,068,455,652","912,038,685",44.1
2018,Romania,Eastern Europe,"1,749,591,735","504,841,465",28.9
2018,Russia,Eastern Europe,"35,599,501,299","13,360,236,371",37.5
2018,Ukraine,Eastern Europe,"2,369,909,107","717,785,657",30.3
2018,France,Europe,"56,348,771,776","25,109,504,035",44.6
2018,Germany,Europe,"74,264,423,121","32,244,049,769",43.4
2018,Italy,Europe,"28,489,965,046","11,668,940,775",41.0
2018,Rest of Europe,Europe,"68,758,255,945","32,201,680,181",46.8
2018,Scandinavia,Europe,"26,519,013,799","16,498,772,349",62.2
2018,Spain,Europe,"33,024,209,033","14,641,859,663",44.3
2018,U.K.,Europe,"65,906,549,112","44,127,336,768",67.0
2018,Argentina,LATAM,"4,432,763,514","1,360,858,399",30.7
2018,Brazil,LATAM,"17,989,526,135","7,283,692,454",40.5
2018,Chile,LATAM,"4,968,416,248","1,919,084,023",38.6
2018,Colombia,LATAM,"7,897,048,576","2,711,117,541",34.3
2018,Mexico,LATAM,"23,112,935,277","8,358,038,084",36.2
2018,Egypt,Middle East,"3,626,899,572","666,644,126",18.4
2018,Qatar,Middle East,"10,731,975,744","3,127,370,534",29.1
2018,Rest of Middle East,Middle East,"11,139,815,418","3,176,537,328",28.5
2018,Saudi Arabia,Middle East,"14,578,830,702","4,872,458,406",33.4
2018,U.A.E.,Middle East,"38,514,488,980","13,883,312,873",36.1
2018,Canada,North America,"38,062,045,207","19,133,493,212",50.3
2018,U.S.,North America,"390,723,418,563","198,816,787,869",50.9
2019,Australia-New Zealand,APAC,"32,237,138,360","14,712,786,497",45.6
2019,China,APAC,"175,046,818,910","96,595,553,962",55.2
2019,Hong Kong,APAC,"12,681,632,188","2,650,966,430",20.9
2019,India,APAC,"32,560,468,953","14,734,274,035",45.3
2019,Indonesia,APAC,"14,428,617,956","5,587,389,158",38.7
2019,Japan,APAC,"108,213,792,588","47,221,711,537",43.6
2019,Macau,APAC,"2,135,328,834","726,011,804",34.0
2019,Malaysia,APAC,"9,337,215,500","4,192,945,822",44.9
2019,Singapore,APAC,"13,001,977,623","5,645,101,272",43.4
2019,South Korea,APAC,"19,242,446,088","8,671,216,102",45.1
2019,Taiwan,APAC,"11,771,141,660","3,530,100,228",30.0
2019,Thailand,APAC,"17,038,226,248","6,191,713,086",36.3
2019,Bulgaria,Eastern Europe,"1,227,444,167","398,431,703",32.5
2019,Czech Republic,Eastern Europe,"3,675,251,206","1,987,573,583",54.1
2019,Greece,Eastern Europe,"5,841,694,144","2,180,174,587",37.3
2019,Hungary,Eastern Europe,"4,556,358,370","3,638,026,002",79.9
2019,Poland,Eastern Europe,"4,890,852,173","2,062,773,423",42.2
2019,Rest of Eastern Europe,Eastern Europe,"2,085,903,087","1,036,817,072",49.7
2019,Romania,Eastern Europe,"1,829,292,133","596,636,625",32.6
2019,Russia,Eastern Europe,"36,710,854,067","13,885,625,271",37.8
2019,Ukraine,Eastern Europe,"2,566,268,777","887,067,595",34.6
2019,France,Europe,"55,050,264,686","25,397,505,994",46.1
2019,Germany,Europe,"71,704,908,912","35,195,375,153",49.1
2019,Italy,Europe,"27,224,609,802","11,669,742,913",42.9
2019,Rest of Europe,Europe,"67,222,387,532","34,845,096,749",51.8
2019,Scandinavia,Europe,"21,195,857,772","14,767,660,943",69.7
2019,Spain,Europe,"33,181,001,395","15,124,744,825",45.6
2019,U.K.,Europe,"60,896,237,001","44,409,876,505",72.9
2019,Argentina,LATAM,"4,937,624,961","1,557,062,921",31.5
2019,Brazil,LATAM,"19,120,609,190","8,214,474,842",43.0
2019,Chile,LATAM,"4,633,143,794","1,880,737,629",40.6
2019,Colombia,LATAM,"8,277,603,265","3,064,723,165",37.0
2019,Mexico,LATAM,"24,359,499,406","8,977,796,734",36.9
2019,Egypt,Middle East,"4,292,000,497","1,055,112,423",24.6
2019,Qatar,Middle East,"11,402,149,265","3,741,466,037",32.8
2019,Rest of Middle East,Middle East,"12,200,838,523","3,867,923,045",31.7
2019,Saudi Arabia,Middle East,"16,226,107,938","5,949,185,283",36.7
2019,U.A.E.,Middle East,"37,885,415,363","14,405,617,323",38.0
2019,Canada,North America,"39,304,114,543","20,944,984,116",53.3
2019,U.S.,North America,"405,952,099,255","214,978,315,974",53.0
2020,Australia-New Zealand,APAC,"14,368,287,211","7,239,610,191",50.4
2020,China,APAC,"117,147,511,595","73,002,082,196",62.3
2020,Hong Kong,APAC,"2,689,297,758","653,273,544",24.3
2020,India,APAC,"10,209,174,335","4,890,810,921",47.9
2020,Indonesia,APAC,"5,078,117,971","2,162,880,822",42.6
2020,Japan,APAC,"50,400,337,498","23,286,417,339",46.2
2020,Macau,APAC,"446,438,078","172,325,098",38.6
2020,Malaysia,APAC,"2,919,331,328","1,240,966,390",42.5
2020,Singapore,APAC,"2,835,772,128","1,489,069,974",52.5
2020,South Korea,APAC,"6,595,862,187","3,505,863,455",53.2
2020,Taiwan,APAC,"5,762,335,809","2,117,400,577",36.8
2020,Thailand,APAC,"4,772,669,830","1,897,044,160",39.8
2020,Bulgaria,Eastern Europe,"468,308,348","174,957,802",37.4
2020,Czech Republic,Eastern Europe,"1,665,453,637","837,259,887",50.3
2020,Greece,Eastern Europe,"2,037,566,041","798,802,575",39.2
2020,Hungary,Eastern Europe,"1,829,443,774","1,477,604,144",80.8
2020,Poland,Eastern Europe,"2,414,656,425","980,270,546",40.6
2020,Rest of Eastern Europe,Eastern Europe,"914,310,682","469,953,294",51.4
2020,Romania,Eastern Europe,"732,446,612","294,545,643",40.2
2020,Russia,Eastern Europe,"17,218,486,757","8,044,488,130",46.7
2020,Ukraine,Eastern Europe,"1,291,331,113","488,623,196",37.8
2020,France,Europe,"24,075,055,579","11,310,101,522",47.0
2020,Germany,Europe,"30,531,761,890","16,238,507,721",53.2
2020,Italy,Europe,"8,104,664,472","3,928,777,865",48.5
2020,Rest of Europe,Europe,"29,371,646,356","14,931,560,933",50.8
2020,Scandinavia,Europe,"9,191,822,540","6,585,779,466",71.7
2020,Spain,Europe,"9,288,368,265","4,718,670,633",50.8
2020,U.K.,Europe,"18,551,766,341","13,715,758,582",73.9
2020,Argentina,LATAM,"1,589,241,436","535,464,219",33.7
2020,Brazil,LATAM,"7,308,242,211","3,418,594,782",46.8
2020,Chile,LATAM,"2,310,681,773","971,171,653",42.0
2020,Colombia,LATAM,"2,264,803,469","940,490,641",41.5
2020,Mexico,LATAM,"11,361,150,666","4,831,725,591",42.5
2020,Egypt,Middle East,"2,332,159,645","764,919,423",32.8
2020,Qatar,Middle East,"2,782,424,655","1,030,530,000",37.0
2020,Rest of Middle East,Middle East,"3,706,242,912","1,282,207,604",34.6
2020,Saudi Arabia,Middle East,"5,489,495,728","2,163,119,602",39.4
2020,U.A.E.,Middle East,"10,227,256,427","4,551,533,259",44.5
2020,Canada,North America,"14,965,626,047","7,717,762,492",51.6
2020,U.S.,North America,"163,215,947,592","94,408,089,464",57.8
2021,Australia-New Zealand,APAC,"15,923,671,068","8,674,213,259",54.5
2021,China,APAC,"114,004,712,418","73,795,148,177",64.7
2021,Hong Kong,APAC,"2,313,783,548","600,811,101",26.0
2021,India,APAC,"19,658,491,264","10,592,923,776",53.9
2021,Indonesia,APAC,"4,266,749,967","1,920,780,279",45.0
2021,Japan,APAC,"40,981,407,513","20,345,187,589",49.6
2021,Macau,APAC,"732,135,623","317,746,860",43.4
2021,Malaysia,APAC,"1,941,627,035","835,422,470",43.0
2021,Singapore,APAC,"2,161,585,953","1,208,749,561",55.9
2021,South Korea,APAC,"6,556,644,504","3,713,024,213",56.6
2021,Taiwan,APAC,"2,153,358,176","1,110,034,384",51.6
2021,Thailand,APAC,"1,309,870,284","618,650,682",47.2
2021,Bulgaria,Eastern Europe,"665,499,764","276,515,773",41.6
2021,Czech Republic,Eastern Europe,"1,806,732,874","1,046,233,576",57.9
2021,Greece,Eastern Europe,"3,965,191,056","1,852,683,052",46.7
2021,Hungary,Eastern Europe,"2,551,603,582","2,132,328,309",83.6
2021,Poland,Eastern Europe,"2,946,477,124","1,352,741,934",45.9
2021,Rest of Eastern Europe,Eastern Europe,"1,176,968,114","667,063,710",56.7
2021,Romania,Eastern Europe,"1,214,043,730","583,664,975",48.1
2021,Russia,Eastern Europe,"24,960,276,648","12,163,592,014",48.7
2021,Ukraine,Eastern Europe,"1,407,020,237","567,134,385",40.3
2021,France,Europe,"35,727,224,959","16,905,333,385",47.3
2021,Germany,Europe,"34,566,294,410","19,323,738,858",55.9
2021,Italy,Europe,"14,254,299,974","7,285,110,982",51.1
2021,Rest of Europe,Europe,"38,400,838,924","22,269,600,997",58.0
2021,Scandinavia,Europe,"10,285,264,789","7,051,047,798",68.6
2021,Spain,Europe,"16,287,663,692","8,780,718,161",53.9
2021,U.K.,Europe,"25,120,821,874","18,189,886,386",72.4
2021,Argentina,LATAM,"2,701,400,241","950,892,885",35.2
2021,Brazil,LATAM,"9,792,211,525","4,638,088,275",47.4
2021,Chile,LATAM,"2,586,631,095","1,116,879,506",43.2
2021,Colombia,LATAM,"3,479,910,004","1,473,895,002",42.4
2021,Mexico,LATAM,"19,183,706,792","8,852,438,644",46.2
2021,Egypt,Middle East,"1,837,382,757","579,662,648",31.6
2021,Qatar,Middle East,"7,512,811,339","2,951,662,232",39.3
2021,Rest of Middle East,Middle East,"5,454,440,245","2,014,591,225",36.9
2021,Saudi Arabia,Middle East,"7,114,609,817","2,883,590,455",40.5
2021,U.A.E.,Middle East,"20,018,130,280","9,126,415,622",45.6
2021,Canada,North America,"15,847,002,381","8,743,758,592",55.2
2021,U.S.,North America,"280,992,468,030","183,666,393,178",65.4
2022,Australia-New Zealand,APAC,"29,461,509,649","16,424,841,838",55.8
2022,China,APAC,"89,505,476,658","60,495,319,795",67.6
2022,Hong Kong,APAC,"4,220,065,852","1,218,065,409",28.9
2022,India,APAC,"33,881,587,767","18,327,526,441",54.1
2022,Indonesia,APAC,"8,141,833,260","4,383,751,629",53.8
2022,Japan,APAC,"62,781,749,251","33,167,962,335",52.8
2022,Macau,APAC,"465,436,680","232,718,340",50.0
2022,Malaysia,APAC,"6,064,946,550","3,366,788,228",55.5
2022,Singapore,APAC,"10,294,638,023","6,435,012,343",62.5
2022,South Korea,APAC,"12,007,112,993","6,378,480,466",53.1
2022,Taiwan,APAC,"3,915,973,990","1,796,327,242",45.9
2022,Thailand,APAC,"6,925,808,956","3,519,013,256",50.8
2022,Bulgaria,Eastern Europe,"1,083,121,455","477,595,715",44.1
2022,Czech Republic,Eastern Europe,"3,140,332,573","1,949,025,465",62.1
2022,Greece,Eastern Europe,"7,123,000,022","3,536,844,874",49.7
2022,Hungary,Eastern Europe,"5,002,786,033","4,475,744,908",89.5
2022,Poland,Eastern Europe,"4,530,959,139","2,321,262,217",51.2
2022,Rest of Eastern Europe,Eastern Europe,"1,941,676,157","1,177,313,692",60.6
2022,Romania,Eastern Europe,"1,607,181,937","828,460,225",51.6
2022,Russia,Eastern Europe,"27,456,637,824","12,765,805,513",46.5
2022,Ukraine,Eastern Europe,0,0,0.0
2022,France,Europe,"52,559,323,202","27,200,660,388",51.8
2022,Germany,Europe,"60,816,789,356","35,795,234,499",58.9
2022,Italy,Europe,"21,002,322,592","11,240,836,705",53.5
2022,Rest of Europe,Europe,"61,445,419,490","38,491,840,185",62.6
2022,Scandinavia,Europe,"15,618,999,988","11,930,428,633",76.4
2022,Spain,Europe,"26,644,066,159","15,463,186,165",58.0
2022,U.K.,Europe,"48,930,947,452","39,862,331,274",81.5
2022,Argentina,LATAM,"6,492,927,298","2,511,027,131",38.7
2022,Brazil,LATAM,"15,853,078,697","7,709,190,289",48.6
2022,Chile,LATAM,"3,167,354,968","1,432,381,656",45.2
2022,Colombia,LATAM,"4,412,345,123","1,914,174,692",43.4
2022,Mexico,LATAM,"24,583,567,540","11,657,553,054",47.4
2022,Egypt,Middle East,"2,991,736,331","1,045,323,114",34.9
2022,Qatar,Middle East,"14,798,157,590","6,285,761,472",42.5
2022,Rest of Middle East,Middle East,"8,346,033,120","3,319,459,952",39.8
2022,Saudi Arabia,Middle East,"14,704,115,252","6,406,417,537",43.6
2022,U.A.E.,Middle East,"39,941,652,215","18,204,202,887",45.6
2022,Canada,North America,"31,572,309,935","18,923,840,638",59.9
2022,U.S.,North America,"421,550,845,561","265,773,080,541",63.1
2023,Australia-New Zealand,APAC,"35,590,478,470","20,460,465,263",57.5
2023,China,APAC,"142,670,095,702","101,002,726,575",70.8
2023,Hong Kong,APAC,"11,340,657,050","4,143,206,769",36.5
2023,India,APAC,"37,822,825,094","20,902,892,235",55.3
2023,Indonesia,APAC,"12,353,173,134","7,283,534,126",59.0
2023,Japan,APAC,"85,093,596,291","46,403,320,674",54.5
2023,Macau,APAC,"2,316,738,825","1,297,373,742",56.0
2023,Malaysia,APAC,"9,651,660,457","6,331,543,682",65.6
2023,Singapore,APAC,"14,991,172,860","9,859,522,628",65.8
2023,South Korea,APAC,"19,945,579,766","11,085,466,758",55.6
2023,Taiwan,APAC,"10,885,177,978","4,776,870,896",43.9
2023,Thailand,APAC,"12,835,788,599","7,325,920,630",57.1
2023,Bulgaria,Eastern Europe,"1,366,750,065","642,317,650",47.0
2023,Czech Republic,Eastern Europe,"3,966,964,988","2,553,262,143",64.4
2023,Greece,Eastern Europe,"8,873,802,786","4,719,921,003",53.2
2023,Hungary,Eastern Europe,"6,956,057,611","6,358,835,573",91.4
2023,Poland,Eastern Europe,"5,498,711,734","2,938,764,698",53.4
2023,Rest of Eastern Europe,Eastern Europe,"2,504,850,676","1,574,805,129",62.9
2023,Romania,Eastern Europe,"1,948,133,649","1,054,768,765",54.1
2023,Russia,Eastern Europe,"27,354,424,606","13,992,838,841",51.2
2023,Ukraine,Eastern Europe,0,0,0.0
2023,France,Europe,"60,262,344,432","32,267,675,515",53.6
2023,Germany,Europe,"73,789,537,071","45,129,379,628",61.2
2023,Italy,Europe,"29,153,736,614","16,023,272,534",55.0
2023,Rest of Europe,Europe,"74,976,481,183","49,313,465,720",65.8
2023,Scandinavia,Europe,"18,563,072,556","14,399,629,957",77.6
2023,Spain,Europe,"37,338,975,895","22,051,483,722",59.1
2023,U.K.,Europe,"58,765,916,088","48,913,543,430",83.2
2023,Argentina,LATAM,"7,367,799,999","2,957,232,666",40.1
2023,Brazil,LATAM,"21,777,228,679","10,607,166,472",48.7
2023,Chile,LATAM,"3,585,569,312","1,753,241,290",48.9
2023,Colombia,LATAM,"5,851,901,874","2,536,482,413",43.3
2023,Mexico,LATAM,"31,518,227,246","15,384,150,119",48.8
2023,Egypt,Middle East,"2,528,526,951","926,433,212",36.6
2023,Qatar,Middle East,"15,972,654,086","7,022,519,035",44.0
2023,Rest of Middle East,Middle East,"10,980,866,932","4,532,859,131",41.3
2023,Saudi Arabia,Middle East,"16,988,381,692","8,199,369,598",48.3
2023,U.A.E.,Middle East,"44,535,787,877","20,988,532,650",47.1
2023,Canada,North America,"38,905,004,776","23,751,619,094",61.1
2023,U.S.,North America,"475,780,773,500","299,305,700,246",62.9
2024,Australia-New Zealand,APAC,"39,066,238,985","22,746,412,547",58.2
2024,China,APAC,"167,794,266,937","121,389,652,963",72.3
2024,Hong Kong,APAC,"12,665,828,434","5,071,224,609",40.0
2024,India,APAC,"42,122,382,416","23,829,165,056",56.6
2024,Indonesia,APAC,"14,130,824,352","8,961,741,540",63.4
2024,Japan,APAC,"91,435,223,805","51,266,713,010",56.1
2024,Macau,APAC,"2,536,813,507","1,547,456,239",61.0
2024,Malaysia,APAC,"12,077,093,181","8,688,827,780",71.9
2024,Singapore,APAC,"15,836,389,263","10,751,097,566",67.9
2024,South Korea,APAC,"23,378,008,518","13,732,952,399",58.7
2024,Taiwan,APAC,"12,598,723,279","6,053,295,423",48.1
2024,Thailand,APAC,"17,020,567,216","10,559,018,392",62.0
2024,Bulgaria,Eastern Europe,"1,633,882,360","810,947,910",49.6
2024,Czech Republic,Eastern Europe,"4,500,151,136","2,991,525,663",66.5
2024,Greece,Eastern Europe,"10,260,121,859","5,673,532,627",55.3
2024,Hungary,Eastern Europe,"7,643,638,245","7,017,809,255",91.8
2024,Poland,Eastern Europe,"6,527,260,604","3,631,159,320",55.6
2024,Rest of Eastern Europe,Eastern Europe,"2,842,578,876","1,845,769,108",64.9
2024,Romania,Eastern Europe,"2,224,685,297","1,252,308,192",56.3
2024,Russia,Eastern Europe,"30,123,144,982","16,375,511,712",54.4
2024,Ukraine,Eastern Europe,0,0,0.0
2024,France,Europe,"67,206,825,506","37,194,692,932",55.3
2024,Germany,Europe,"77,042,505,479","49,327,017,714",64.0
2024,Italy,Europe,"32,348,713,792","18,076,596,858",55.9
2024,Rest of Europe,Europe,"79,923,834,764","54,145,817,112",67.8
2024,Scandinavia,Europe,"20,836,507,803","16,318,644,645",78.3
2024,Spain,Europe,"40,601,695,133","24,550,324,539",60.5
2024,U.K.,Europe,"64,740,924,374","54,368,154,458",84.0
2024,Argentina,LATAM,"7,066,177,133","2,991,417,772",42.3
2024,Brazil,LATAM,"23,372,533,030","11,724,945,239",50.2
2024,Chile,LATAM,"3,988,169,753","2,087,860,866",52.4
2024,Colombia,LATAM,"5,938,092,951","2,826,672,310",47.6
2024,Mexico,LATAM,"30,783,426,386","15,603,814,887",50.7
2024,Egypt,Middle East,"2,544,484,284","976,199,689",38.4
2024,Qatar,Middle East,"17,288,889,415","7,722,852,422",44.7
2024,Rest of Middle East,Middle East,"11,956,647,955","5,100,422,666",42.7
2024,Saudi Arabia,Middle East,"18,712,046,867","9,431,581,352",50.4
2024,U.A.E.,Middle East,"48,601,498,416","23,845,706,388",49.1
2024,Canada,North America,"41,276,348,993","25,279,440,183",61.2
2024,U.S.,North America,"502,573,799,490","316,910,934,273",63.1
2025,Australia-New Zealand,APAC,"41,760,570,358","24,574,788,566",58.9
2025,China,APAC,"186,091,160,434","139,142,054,674",74.8
2025,Hong Kong,APAC,"13,444,965,346","5,858,791,526",43.6
2025,India,APAC,"46,809,584,481","27,037,289,055",57.8
2025,Indonesia,APAC,"15,370,928,260","10,348,451,465",67.3
2025,Japan,APAC,"96,486,174,815","55,627,860,382",57.7
2025,Macau,APAC,"2,727,114,838","1,827,166,941",67.0
2025,Malaysia,APAC,"13,727,876,225","10,380,351,873",75.6
2025,Singapore,APAC,"16,359,435,510","11,414,278,450",69.8
2025,South Korea,APAC,"25,107,192,341","15,123,907,032",60.2
2025,Taiwan,APAC,"13,505,114,791","6,827,891,261",50.6
2025,Thailand,APAC,"19,300,656,671","12,704,718,047",65.8
2025,Bulgaria,Eastern Europe,"1,902,956,764","1,007,865,919",53.0
2025,Czech Republic,Eastern Europe,"5,025,242,350","3,423,341,682",68.1
2025,Greece,Eastern Europe,"11,264,293,719","6,474,390,765",57.5
2025,Hungary,Eastern Europe,"8,279,654,516","7,628,651,692",92.1
2025,Poland,Eastern Europe,"7,279,226,791","4,171,351,697",57.3
2025,Rest of Eastern Europe,Eastern Europe,"3,129,397,512","2,082,006,399",66.5
2025,Romania,Eastern Europe,"2,510,167,721","1,457,585,273",58.1
2025,Russia,Eastern Europe,"35,136,379,582","19,591,969,305",55.8
2025,Ukraine,Eastern Europe,0,0,0.0
2025,France,Europe,"62,028,466,210","34,158,723,700",55.1
2025,Germany,Europe,"80,278,258,875","53,594,613,723",66.8
2025,Italy,Europe,"34,304,196,797","19,739,621,537",57.5
2025,Rest of Europe,Europe,"84,415,150,726","58,639,928,344",69.5
2025,Scandinavia,Europe,"22,583,987,432","17,946,462,832",79.5
2025,Spain,Europe,"42,616,552,320","26,435,144,875",62.0
2025,U.K.,Europe,"69,725,846,648","58,525,862,752",83.9
2025,Argentina,LATAM,"8,166,922,927","3,705,676,952",45.4
2025,Brazil,LATAM,"25,811,304,380","13,261,678,975",51.4
2025,Chile,LATAM,"4,538,539,282","2,483,823,643",54.7
2025,Colombia,LATAM,"6,526,749,975","3,265,411,322",50.0
2025,Mexico,LATAM,"33,659,577,615","17,635,879,896",52.4
2025,Egypt,Middle East,"2,738,850,046","1,117,252,015",40.8
2025,Qatar,Middle East,"18,430,464,267","8,490,905,440",46.1
2025,Rest of Middle East,Middle East,"13,035,116,523","5,839,917,723",44.8
2025,Saudi Arabia,Middle East,"21,303,444,737","11,378,444,120",53.4
2025,U.A.E.,Middle East,"52,585,039,671","27,120,484,048",51.6
2025,Canada,North America,"42,735,295,926","26,489,588,526",62.0
2025,U.S.,North America,"525,752,602,357","331,832,368,281",63.1
2026,Australia-New Zealand,APAC,"44,403,860,729","26,321,633,052",59.3
2026,China,APAC,"201,661,534,029","156,010,319,145",77.4
2026,Hong Kong,APAC,"14,091,393,525","6,543,422,960",46.4
2026,India,APAC,"51,613,867,243","30,556,950,131",59.2
2026,Indonesia,APAC,"16,463,618,483","11,648,287,609",70.8
2026,Japan,APAC,"100,339,376,887","59,151,561,056",59.0
2026,Macau,APAC,"2,904,390,329","2,091,161,037",72.0
2026,Malaysia,APAC,"14,966,923,968","11,734,077,392",78.4
2026,Singapore,APAC,"16,904,477,010","12,102,417,170",71.6
2026,South Korea,APAC,"26,581,428,230","16,572,993,804",62.4
2026,Taiwan,APAC,"14,152,262,221","7,572,661,836",53.5
2026,Thailand,APAC,"20,913,017,156","14,408,332,463",68.9
2026,Bulgaria,Eastern Europe,"2,166,877,609","1,184,639,146",54.7
2026,Czech Republic,Eastern Europe,"5,512,545,870","3,845,179,882",69.8
2026,Greece,Eastern Europe,"12,257,185,990","7,254,009,259",59.2
2026,Hungary,Eastern Europe,"8,941,944,127","8,281,193,716",92.6
2026,Poland,Eastern Europe,"8,018,620,570","4,699,654,448",58.6
2026,Rest of Eastern Europe,Eastern Europe,"3,398,106,453","2,307,666,751",67.9
2026,Romania,Eastern Europe,"2,810,848,645","1,675,846,026",59.6
2026,Russia,Eastern Europe,"40,198,521,426","22,756,569,865",56.6
2026,Ukraine,Eastern Europe,0,0,0.0
2026,France,Europe,"63,613,253,539","35,285,803,108",55.5
2026,Germany,Europe,"83,482,332,097","57,983,411,499",69.5
2026,Italy,Europe,"36,361,690,224","21,535,801,466",59.2
2026,Rest of Europe,Europe,"88,968,431,399","62,183,471,641",69.9
2026,Scandinavia,Europe,"24,319,520,240","19,542,630,205",80.4
2026,Spain,Europe,"44,713,233,178","28,469,311,509",63.7
2026,U.K.,Europe,"74,581,292,243","62,496,976,580",83.8
2026,Argentina,LATAM,"9,465,680,790","4,462,257,976",47.1
2026,Brazil,LATAM,"28,047,079,338","14,712,817,742",52.5
2026,Chile,LATAM,"5,150,565,679","2,917,249,740",56.6
2026,Colombia,LATAM,"7,161,719,450","3,736,834,452",52.2
2026,Mexico,LATAM,"36,976,103,640","19,875,416,803",53.8
2026,Egypt,Middle East,"2,893,183,952","1,258,370,161",43.5
2026,Qatar,Middle East,"19,562,555,988","9,332,792,100",47.7
2026,Rest of Middle East,Middle East,"13,997,218,154","6,555,462,114",46.8
2026,Saudi Arabia,Middle East,"23,958,570,610","13,454,915,010",56.2
2026,U.A.E.,Middle East,"56,378,602,910","30,021,385,837",53.3
2026,Canada,North America,"44,468,258,280","27,802,396,378",62.5
2026,U.S.,North America,"548,417,701,612","349,543,462,284",63.7
2027,Australia-New Zealand,APAC,"46,920,663,543","27,984,925,512",59.6
2027,China,APAC,"214,751,009,915","170,236,267,203",79.3
2027,Hong Kong,APAC,"14,574,841,593","7,096,817,724",48.7
2027,India,APAC,"56,527,217,745","34,251,378,573",60.6
2027,Indonesia,APAC,"17,421,839,272","12,897,113,334",74.0
2027,Japan,APAC,"103,542,717,458","62,281,439,019",60.2
2027,Macau,APAC,"3,085,883,710","2,376,130,457",77.0
2027,Malaysia,APAC,"15,909,601,324","12,828,219,773",80.6
2027,Singapore,APAC,"17,386,972,763","12,671,377,205",72.9
2027,South Korea,APAC,"27,766,975,114","17,787,277,099",64.1
2027,Taiwan,APAC,"14,712,278,221","8,260,054,678",56.1
2027,Thailand,APAC,"22,283,325,303","16,014,130,466",71.9
2027,Bulgaria,Eastern Europe,"2,408,394,439","1,358,849,320",56.4
2027,Czech Republic,Eastern Europe,"5,980,693,119","4,226,543,003",70.7
2027,Greece,Eastern Europe,"13,215,982,187","8,040,651,559",60.8
2027,Hungary,Eastern Europe,"9,631,173,751","8,944,770,083",92.9
2027,Poland,Eastern Europe,"8,752,871,784","5,271,478,073",60.2
2027,Rest of Eastern Europe,Eastern Europe,"3,655,385,124","2,523,885,899",69.1
2027,Romania,Eastern Europe,"3,092,356,697","1,890,340,868",61.1
2027,Russia,Eastern Europe,"45,168,831,909","26,083,494,546",57.8
2027,Ukraine,Eastern Europe,0,0,0.0
2027,France,Europe,"64,806,041,857","36,157,018,907",55.8
2027,Germany,Europe,"86,821,716,765","63,007,576,101",72.6
2027,Italy,Europe,"38,503,292,262","23,471,160,293",61.0
2027,Rest of Europe,Europe,"93,429,092,346","65,781,779,779",70.4
2027,Scandinavia,Europe,"26,119,139,617","21,239,446,635",81.3
2027,Spain,Europe,"46,911,258,765","30,671,976,796",65.4
2027,U.K.,Europe,"79,247,481,042","66,625,246,348",84.1
2027,Argentina,LATAM,"11,137,524,461","5,381,440,847",48.3
2027,Brazil,LATAM,"30,343,905,124","16,143,398,361",53.2
2027,Chile,LATAM,"5,781,430,812","3,383,847,274",58.5
2027,Colombia,LATAM,"7,871,022,705","4,285,081,520",54.4
2027,Mexico,LATAM,"40,620,327,728","22,305,276,473",54.9
2027,Egypt,Middle East,"3,036,178,692","1,391,963,226",45.9
2027,Qatar,Middle East,"20,730,230,396","10,239,756,913",49.4
2027,Rest of Middle East,Middle East,"14,921,433,148","7,306,715,047",49.0
2027,Saudi Arabia,Middle East,"28,013,381,176","16,654,420,780",59.5
2027,U.A.E.,Middle East,"60,529,096,448","33,270,425,706",55.0
2027,Canada,North America,"46,216,032,276","29,303,467,632",63.4
2027,U.S.,North America,"568,490,088,001","364,359,391,145",64.1